INSERT INTO Nacao (nome) VALUES
('Afeganistão'),
('Alemanha'),
('Angola'),
('Arábia Saudita'),
('Argentina'),
('Austrália'),
('Áustria'),
('Bangladesh'),
('Bélgica'),
('Bolívia'),
('Brasil'),
('Bulgária'),
('Camboja'),
('Camarões'),
('Canadá'),
('Catar'),
('Chile'),
('China'),
('Colômbia'),
('Coreia do Norte'),
('Coreia do Sul'),
('Costa do Marfim'),
('Croácia'),
('Cuba'),
('Dinamarca'),
('Egito'),
('El Salvador'),
('Emirados Árabes Unidos'),
('Equador'),
('Espanha'),
('Estados Unidos'),
('Estônia'),
('Etiópia'),
('Filipinas'),
('Finlândia'),
('França'),
('Gabão'),
('Gana'),
('Grécia'),
('Guatemala'),
('Haiti'),
('Holanda'),
('Honduras'),
('Hungria'),
('Índia'),
('Indonésia'),
('Irã'),
('Iraque'),
('Irlanda'),
('Islândia'),
('Israel'),
('Itália'),
('Jamaica'),
('Japão'),
('Jordânia'),
('Kuwait'),
('Laos'),
('Letônia'),
('Líbano'),
('Libéria'),
('Líbia'),
('Lituânia'),
('Luxemburgo'),
('Madagáscar'),
('Malásia'),
('Malaui'),
('Maldivas'),
('Marrocos'),
('México'),
('Moçambique'),
('Mongólia'),
('Nepal'),
('Nicarágua'),
('Nigéria'),
('Noruega'),
('Nova Zelândia'),
('Omã'),
('País de Gales'),
('Paquistão'),
('Paraguai'),
('Peru'),
('Polônia'),
('Portugal'),
('Quênia'),
('Quirguistão'),
('Reino Unido'),
('República Centro-Africana'),
('República Democrática do Congo'),
('República Dominicana'),
('República Tcheca'),
('Romênia'),
('Rússia'),
('Senegal'),
('Serra Leoa'),
('Singapura'),
('Síria'),
('Somália'),
('Suécia'),
('Suíça'),
('Tailândia');



INSERT INTO Estado (nome, Nacao_id) VALUES
-- Brasil
('Acre', 11),
('Alagoas', 11),
('Amapá', 11),
('Amazonas', 11),
('Bahia', 11),
('Ceará', 11),
('Espírito Santo', 11),
('Goiás', 11),
('Maranhão', 11),
('Mato Grosso', 11),
('Mato Grosso do Sul', 11),
('Minas Gerais', 11),
('Pará', 11),
('Paraíba', 11),
('Paraná', 11),
('Pernambuco', 11),
('Piauí', 11),
('Rio de Janeiro', 11),
('Rio Grande do Norte', 11),
('Rio Grande do Sul', 11),
('Rondônia', 11),
('Roraima', 11),
('Santa Catarina', 11),
('São Paulo', 11),
('Sergipe', 11),
('Tocantins', 11),
-- Estados Unidos
('Alabama', 31),
('Alasca', 31),
('Arizona', 31),
('Arkansas', 31),
('Califórnia', 31),
('Carolina do Norte', 31),
('Carolina do Sul', 31),
('Colorado', 31),
('Connecticut', 31),
('Dakota do Norte', 31),
('Dakota do Sul', 31),
('Delaware', 31),
('Flórida', 31),
('Geórgia', 31),
('Havai', 31),
('Idaho', 31),
('Illinois', 31),
('Indiana', 31),
('Iowa', 31),
('Kansas', 31),
('Kentucky', 31),
('Luisiana', 31),
('Maine', 31),
('Maryland', 31),
('Massachusetts', 31),
('Michigan', 31),
('Minnesota', 31),
('Mississippi', 31),
('Missouri', 31),
('Montana', 31),
('Nebraska', 31),
('Nevada', 31),
('Nova Hampshire', 31),
('Nova Jersey', 31),
('Novo México', 31),
('Nova York', 31),
('Ohio', 31),
('Oklahoma', 31),
('Oregon', 31),
('Pensilvânia', 31),
('Rhode Island', 31),
('Tennessee', 31),
('Texas', 31),
('Utah', 31),
('Vermont', 31),
('Virgínia', 31),
('Washington', 31),
('West Virginia', 31),
('Wisconsin', 31),
('Wyoming', 31),
-- Itália
('Abruzzo', 52),
('Aosta', 52),
('Apúlia', 52),
('Calábria', 52),
('Campânia', 52),
('Emília-Romanha', 52),
('Friuli Venezia Giulia', 52),
('Lazio', 52),
('Ligúria', 52),
('Lombardia', 52),
('Marche', 52),
('Molise', 52),
('Piedmont', 52),
('Sardenha', 52),
('Sicília', 52),
('Toscana', 52),
('Trentino-Alto Ádige', 52),
('Úmbria', 52),
('Vêneto', 52),
-- Inglaterra
('Bedfordshire', 86),
('Berkshire', 86),
('Bristol', 86),
('Cambridgeshire', 86),
('Cheshire', 86),
('Cornwall', 86),
('Cumbria', 86),
('Derbyshire', 86),
('Devon', 86),
('Dorset', 86),
('Durham', 86),
('Essex', 86),
('Gloucestershire', 86),
('Greater London', 86),
('Greater Manchester', 86),
('Hampshire', 86),
('Herefordshire', 86),
('Hertfordshire', 86),
('Kent', 86),
('Lancashire', 86),
('Leicestershire', 86),
('Lincolnshire', 86),
('Merseyside', 86),
('Norfolk', 86),
('North Yorkshire', 86),
('Northamptonshire', 86),
('Nottinghamshire', 86),
('Oxfordshire', 86),
('Rutland', 86),
('Shropshire', 86),
('Somerset', 86),
('South Yorkshire', 86),
('Staffordshire', 86),
('Suffolk', 86),
('Surrey', 86),
('Tyne and Wear', 86),
('Warwickshire', 86),
('West Midlands', 86),
('West Sussex', 86),
('West Yorkshire', 86),
('Wiltshire', 86),
('Worcestershire', 86);



INSERT INTO Cidade (nome, Estado_id) VALUES
-- Brasil
('Rio Branco', 1),
('Maceió', 2),
('Macapá', 3),
('Manaus', 4),
('Salvador', 5),
('Fortaleza', 6),
('Vitória', 7),
('Goiânia', 8),
('São Luís', 9),
('Cuiabá', 10),
('Campo Grande', 11),
('Belo Horizonte', 12),
('Belém', 13),
('João Pessoa', 14),
('Curitiba', 15),
('Recife', 16),
('Teresina', 17),
('Rio de Janeiro', 18),
('Natal', 19),
('Porto Alegre', 20),
('Porto Velho', 21),
('Boa Vista', 22),
('Florianópolis', 23),
('São Paulo', 24),
('Aracaju', 25),
('Palmas', 26),
-- Estados Unidos
('Montgomery', 27),
('Juneau', 28),
('Phoenix', 29),
('Little Rock', 30),
('Sacramento', 31),
('Raleigh', 32),
('Columbia', 33),
('Denver', 34),
('Hartford', 35),
('Bismarck', 36),
('Pierre', 37),
('Dover', 38),
('Tallahassee', 39),
('Atlanta', 40),
('Honolulu', 41),
('Boise', 42),
('Chicago', 43),
('Indianapolis', 44),
('Des Moines', 45),
('Topeka', 46),
('Frankfort', 47),
('Baton Rouge', 48),
('Augusta', 49),
('Annapolis', 50),
('Boston', 51),
('Lansing', 52),
('St. Paul', 53),
('Jackson', 54),
('Jefferson City', 55),
('Helena', 56),
('Lincoln', 57),
('Carson City', 58),
('Concord', 59),
('Trenton', 60),
('Santa Fe', 61),
('Albany', 62),
('Columbus', 63),
('Oklahoma City', 64),
('Salem', 65),
('Harrisburg', 66),
('Providence', 67),
('Nashville', 68),
('Austin', 69),
('Salt Lake City', 70),
('Montpelier', 71),
('New Jersey', 72),
('Cheyenne', 73),
-- Itália
('L Aquila', 74),
('Aosta', 75),
('Bari', 76),
('Catanzaro', 77),
('Napoli', 78),
('Bologna', 79),
('Trieste', 80),
('Roma', 81),
('Genova', 82),
('Milão', 83),
('Turim', 84),
('Ancona', 85),
('Campobasso', 86),
('Torino', 87),
('Cagliari', 88),
('Palermo', 89),
('Firenze', 90),
('Trento', 91),
('Perugia', 92),
('Venezia', 93),
-- Inglaterra
('Bedford', 94),
('Reading', 95),
('Bristol', 96),
('Cambridge', 97),
('Chester', 98),
('Truro', 99),
('Carlisle', 100),
('Derby', 101),
('Exeter', 102),
('Durham', 103),
('Chelmsford', 104),
('Gloucester', 105),
('London', 106),
('Manchester', 107),
('Liverpool', 108),
('Hampshire', 109),
('Hereford', 110),
('St Albans', 111),
('Kingston upon Hull', 112),
('Kent', 113),
('Lancashire', 114),
('Leicester', 115),
('Lincoln', 116),
('Merseyside', 117),
('Norwich', 118),
('York', 119),
('Nottingham', 120),
('Oxford', 121),
('Ipswich', 122),
('Sheffield', 123),
('Bradford', 124),
('Brighton', 125),
('Southampton', 126),
('Sunderland', 127);



INSERT INTO Pessoa (Nome, DataNascimento, CPF, Telefone, Email, Senha, EnderecoFoto, CaoGuia, CEP, Bairro, Rua, NumeroEndereco, Cidade_id) VALUES
('João Silva', '1985-03-15', '123.456.789-01', '(11) 98765-4321', 'joao.silva@email.com', 'senha123', 'foto1.jpg', 0, '01001-000', 'Centro', 'Rua das Flores', '100', 24),
('Maria Oliveira', '1990-07-22', '234.567.890-12', '(21) 99876-5432', 'maria.oliveira@email.com', 'senha456', 'foto2.jpg', 1, '20040-010', 'Centro', 'Avenida Rio Branco', '200', 18),
('Carlos Souza', '1978-11-30', '345.678.901-23', '(31) 98765-4321', 'carlos.souza@email.com', 'senha789', 'foto3.jpg', 0, '30120-010', 'Savassi', 'Rua da Bahia', '300', 12),
('Ana Costa', '1995-05-18', '456.789.012-34', '(41) 99876-5432', 'ana.costa@email.com', 'senha012', 'foto4.jpg', 1, '80010-010', 'Centro', 'Rua XV de Novembro', '400', 15),
('Pedro Santos', '1982-09-25', '567.890.123-45', '(51) 98765-4321', 'pedro.santos@email.com', 'senha345', 'foto5.jpg', 0, '90010-010', 'Centro', 'Rua dos Andradas', '500', 20),
('Luiza Pereira', '1993-02-14', '678.901.234-56', '(61) 99876-5432', 'luiza.pereira@email.com', 'senha678', 'foto6.jpg', 1, '70040-010', 'Asa Sul', 'Quadra 102', '600', 26),
('Fernando Alves', '1987-08-09', '789.012.345-67', '(71) 98765-4321', 'fernando.alves@email.com', 'senha901', 'foto7.jpg', 0, '40010-010', 'Comércio', 'Rua Chile', '700', 5),
('Juliana Lima', '1991-12-03', '890.123.456-78', '(81) 99876-5432', 'juliana.lima@email.com', 'senha234', 'foto8.jpg', 1, '50010-010', 'Boa Vista', 'Rua do Imperador', '800', 16),
('Ricardo Gomes', '1975-04-27', '901.234.567-89', '(91) 98765-4321', 'ricardo.gomes@email.com', 'senha567', 'foto9.jpg', 0, '66010-010', 'Nazaré', 'Avenida Nazaré', '900', 13),
('Patricia Rocha', '1989-06-19', '012.345.678-90', '(85) 99876-5432', 'patricia.rocha@email.com', 'senha890', 'foto10.jpg', 1, '60010-010', 'Meireles', 'Avenida Santos Dumont', '1000', 6),
('Lucas Martins', '1994-01-08', '123.456.789-02', '(48) 98765-4321', 'lucas.martins@email.com', 'senha1234', 'foto11.jpg', 0, '88010-010', 'Centro', 'Rua Felipe Schmidt', '110', 23),
('Amanda Barbosa', '1980-10-12', '234.567.890-13', '(98) 99876-5432', 'amanda.barbosa@email.com', 'senha5678', 'foto12.jpg', 1, '65010-010', 'Calhau', 'Avenida dos Holandeses', '120', 9),
('Marcos Ribeiro', '1997-03-05', '345.678.901-24', '(67) 98765-4321', 'marcos.ribeiro@email.com', 'senha9012', 'foto13.jpg', 0, '79002-010', 'Centro', 'Rua 14 de Julho', '130', 11),
('Camila Castro', '1983-07-28', '456.789.012-35', '(96) 99876-5432', 'camila.castro@email.com', 'senha3456', 'foto14.jpg', 1, '69005-010', 'Centro', 'Avenida Eduardo Ribeiro', '140', 4),
('Gustavo Nunes', '1992-05-17', '567.890.123-46', '(92) 98765-4321', 'gustavo.nunes@email.com', 'senha7890', 'foto15.jpg', 0, '69010-010', 'Adrianópolis', 'Rua Rio Jutaí', '150', 4),
('Tatiane Ferreira', '1986-09-23', '678.901.234-57', '(63) 99876-5432', 'tatiane.ferreira@email.com', 'senha12345', 'foto16.jpg', 1, '77001-010', 'Centro', 'Quadra 101 Norte', '160', 26),
('Roberto Carvalho', '1979-12-14', '789.012.345-68', '(68) 98765-4321', 'roberto.carvalho@email.com', 'senha67890', 'foto17.jpg', 0, '69900-010', 'Base', 'Rua Benjamin Constant', '170', 1),
('Vanessa Dias', '1996-02-07', '890.123.456-79', '(82) 99876-5432', 'vanessa.dias@email.com', 'senha23456', 'foto18.jpg', 1, '57010-010', 'Farol', 'Rua Sá e Albuquerque', '180', 2),
('Felipe Monteiro', '1984-04-30', '901.234.567-80', '(84) 98765-4321', 'felipe.monteiro@email.com', 'senha78901', 'foto19.jpg', 0, '59010-010', 'Ribeira', 'Rua da Conceição', '190', 19),
('Isabela Cardoso', '1998-08-11', '012.345.678-91', '(79) 99876-5432', 'isabela.cardoso@email.com', 'senha34567', 'foto20.jpg', 1, '49010-010', 'Centro', 'Rua Laranjeiras', '200', 25),
('Daniel Mendes', '1981-11-26', '123.456.789-03', '(86) 98765-4321', 'daniel.mendes@email.com', 'senha90123', 'foto21.jpg', 0, '64001-010', 'Centro', 'Rua Areolino de Abreu', '210', 17),
('Larissa Araujo', '1999-01-15', '234.567.890-14', '(83) 99876-5432', 'larissa.araujo@email.com', 'senha45678', 'foto22.jpg', 1, '58010-010', 'Centro', 'Rua Duque de Caxias', '220', 14),
('Eduardo Rocha', '1977-06-08', '345.678.901-25', '(75) 98765-4321', 'eduardo.rocha@email.com', 'senha89012', 'foto23.jpg', 0, '45010-010', 'Centro', 'Rua Marechal Deodoro', '230', 5),
('Beatriz Almeida', '1990-10-03', '456.789.012-36', '(77) 99876-5432', 'beatriz.almeida@email.com', 'senha23456', 'foto24.jpg', 1, '45900-010', 'Centro', 'Avenida Getúlio Vargas', '240', 5),
('Rafael Costa', '1988-03-19', '567.890.123-47', '(74) 98765-4321', 'rafael.costa@email.com', 'senha67890', 'foto25.jpg', 0, '38700-010', 'Centro', 'Rua Coronel João Alves', '250', 12),
('John Smith', '1980-05-12', '123.456.789-04', '+1 212-555-1234', 'john.smith@email.com', 'password1', 'foto26.jpg', 0, '10001', 'Manhattan', '5th Avenue', '350', 62),
('Emily Johnson', '1985-08-24', '234.567.890-15', '+1 310-555-2345', 'emily.johnson@email.com', 'password2', 'foto27.jpg', 1, '90015', 'Downtown', 'Main Street', '360', 31),
('Michael Williams', '1978-11-05', '345.678.901-26', '+1 305-555-3456', 'michael.williams@email.com', 'password3', 'foto28.jpg', 0, '33132', 'Brickell', 'Brickell Avenue', '370', 39),
('Sarah Brown', '1992-02-18', '456.789.012-37', '+1 312-555-4567', 'sarah.brown@email.com', 'password4', 'foto29.jpg', 1, '60601', 'Loop', 'State Street', '380', 43),
('David Jones', '1983-07-30', '567.890.123-48', '+1 713-555-5678', 'david.jones@email.com', 'password5', 'foto30.jpg', 0, '77002', 'Downtown', 'Main Street', '390', 69),
('Jennifer Garcia', '1989-04-22', '678.901.234-58', '+1 215-555-6789', 'jennifer.garcia@email.com', 'password6', 'foto31.jpg', 1, '19103', 'Center City', 'Market Street', '400', 66),
('Robert Miller', '1975-09-14', '789.012.345-69', '+1 602-555-7890', 'robert.miller@email.com', 'password7', 'foto32.jpg', 0, '85004', 'Downtown', 'Washington Street', '410', 29),
('Jessica Davis', '1995-12-07', '890.123.456-80', '+1 617-555-8901', 'jessica.davis@email.com', 'password8', 'foto33.jpg', 1, '02108', 'Downtown', 'Beacon Street', '420', 51),
('Thomas Rodriguez', '1982-01-29', '901.234.567-81', '+1 206-555-9012', 'thomas.rodriguez@email.com', 'password9', 'foto34.jpg', 0, '98104', 'Pioneer Square', '1st Avenue', '430', 65),
('Sophia Martinez', '1997-06-11', '012.345.678-92', '+1 415-555-0123', 'sophia.martinez@email.com', 'password10', 'foto35.jpg', 1, '94105', 'South of Market', 'Mission Street', '440', 31),
('William Hernandez', '1987-10-23', '123.456.789-05', '+1 303-555-1234', 'william.hernandez@email.com', 'password11', 'foto36.jpg', 0, '80202', 'Downtown', '16th Street', '450', 34),
('Olivia Lopez', '1993-03-16', '234.567.890-16', '+1 404-555-2345', 'olivia.lopez@email.com', 'password12', 'foto37.jpg', 1, '30303', 'Downtown', 'Peachtree Street', '460', 40),
('James Gonzalez', '1979-08-08', '345.678.901-27', '+1 614-555-3456', 'james.gonzalez@email.com', 'password13', 'foto38.jpg', 0, '43215', 'Downtown', 'High Street', '470', 63),
('Emma Wilson', '1991-05-01', '456.789.012-38', '+1 503-555-4567', 'emma.wilson@email.com', 'password14', 'foto39.jpg', 1, '97204', 'Downtown', 'Broadway', '480', 65),
('Christopher Anderson', '1984-12-13', '567.890.123-49', '+1 801-555-5678', 'christopher.anderson@email.com', 'password15', 'foto40.jpg', 0, '84101', 'Downtown', 'Main Street', '490', 70),
('Ava Thomas', '1998-07-26', '678.901.234-59', '+1 704-555-6789', 'ava.thomas@email.com', 'password16', 'foto41.jpg', 1, '28202', 'Uptown', 'Tryon Street', '500', 32),
('Matthew Taylor', '1981-02-09', '789.012.345-70', '+1 615-555-7890', 'matthew.taylor@email.com', 'password17', 'foto42.jpg', 0, '37203', 'Downtown', 'Broadway', '510', 68),
('Mia Moore', '1996-09-21', '890.123.456-81', '+1 702-555-8901', 'mia.moore@email.com', 'password18', 'foto43.jpg', 1, '89101', 'Downtown', 'Fremont Street', '520', 58),
('Andrew Jackson', '1976-04-04', '901.234.567-82', '+1 918-555-9012', 'andrew.jackson@email.com', 'password19', 'foto44.jpg', 0, '74103', 'Downtown', 'Main Street', '530', 64),
('Abigail Martin', '1994-11-17', '012.345.678-93', '+1 405-555-0123', 'abigail.martin@email.com', 'password20', 'foto45.jpg', 1, '73102', 'Downtown', 'Broadway', '540', 64),
('Joshua Lee', '1989-06-30', '123.456.789-06', '+1 803-555-1234', 'joshua.lee@email.com', 'password21', 'foto46.jpg', 0, '29201', 'Downtown', 'Main Street', '550', 33),
('Madison Perez', '1992-01-12', '234.567.890-17', '+1 804-555-2345', 'madison.perez@email.com', 'password22', 'foto47.jpg', 1, '23219', 'Downtown', 'Main Street', '560', 33),
('Daniel Thompson', '1986-08-25', '345.678.901-28', '+1 501-555-3456', 'daniel.thompson@email.com', 'password23', 'foto48.jpg', 0, '72201', 'Downtown', 'Main Street', '570', 30),
('Elizabeth White', '1999-03-08', '456.789.012-39', '+1 907-555-4567', 'elizabeth.white@email.com', 'password24', 'foto49.jpg', 1, '99501', 'Downtown', 'E Street', '580', 28),
('Kevin Harris', '1977-10-20', '567.890.123-50', '+1 307-555-5678', 'kevin.harris@email.com', 'password25', 'foto50.jpg', 0, '82001', 'Downtown', 'Carey Avenue', '590', 73),
('Sofia Clark', '1990-05-03', '678.901.234-60', '+1 808-555-6789', 'sofia.clark@email.com', 'password26', 'foto51.jpg', 1, '96813', 'Downtown', 'Bishop Street', '600', 41),
('Ryan Lewis', '1983-12-16', '789.012.345-71', '+1 406-555-7890', 'ryan.lewis@email.com', 'password27', 'foto52.jpg', 0, '59101', 'Downtown', 'Broadway', '610', 56),
('Avery Robinson', '1997-07-29', '890.123.456-82', '+1 505-555-8901', 'avery.robinson@email.com', 'password28', 'foto53.jpg', 1, '87101', 'Downtown', 'Central Avenue', '620', 61),
('Nathan Walker', '1980-02-11', '901.234.567-83', '+1 701-555-9012', 'nathan.walker@email.com', 'password29', 'foto54.jpg', 0, '58103', 'Downtown', 'Main Avenue', '630', 36),
('Ella Hall', '1995-09-24', '012.345.678-94', '+1 802-555-0123', 'ella.hall@email.com', 'password30', 'foto55.jpg', 1, '05602', 'Downtown', 'State Street', '640', 71),
('Giovanni Rossi', '1982-04-15', '123.456.789-07', '+39 02 1234567', 'giovanni.rossi@email.com', 'password31', 'foto56.jpg', 0, '20121', 'Centro', 'Via Dante', '650', 83),
('Sofia Bianchi', '1987-09-28', '234.567.890-18', '+39 06 7654321', 'sofia.bianchi@email.com', 'password32', 'foto57.jpg', 1, '00186', 'Centro Storico', 'Via del Corso', '660', 81),
('Marco Romano', '1979-12-10', '345.678.901-29', '+39 010 1234567', 'marco.romano@email.com', 'password33', 'foto58.jpg', 0, '16121', 'Centro', 'Via XX Settembre', '670', 82),
('Alessia Conti', '1994-05-23', '456.789.012-40', '+39 051 2345678', 'alessia.conti@email.com', 'password34', 'foto59.jpg', 1, '40121', 'Centro', 'Via Indipendenza', '680', 79),
('Luca Ferrari', '1988-02-05', '567.890.123-51', '+39 011 3456789', 'luca.ferrari@email.com', 'password35', 'foto60.jpg', 0, '10121', 'Centro', 'Via Roma', '690', 84),
('Giulia Marini', '1991-07-18', '678.901.234-61', '+39 055 4567890', 'giulia.marini@email.com', 'password36', 'foto61.jpg', 1, '50121', 'Centro', 'Via de Tornabuoni', '700', 90),
('Francesco Ricci', '1976-10-31', '789.012.345-72', '+39 081 5678901', 'francesco.ricci@email.com', 'password37', 'foto62.jpg', 0, '80121', 'Centro', 'Via Toledo', '710', 78),
('Chiara Moretti', '1999-03-14', '890.123.456-83', '+39 091 6789012', 'chiara.moretti@email.com', 'password38', 'foto63.jpg', 1, '90121', 'Centro', 'Via Maqueda', '720', 89),
('Davide Barbieri', '1983-08-27', '901.234.567-84', '+39 070 7890123', 'davide.barbieri@email.com', 'password39', 'foto64.jpg', 0, '09121', 'Centro', 'Via Roma', '730', 88),
('Elena Galli', '1996-01-09', '012.345.678-95', '+39 049 8901234', 'elena.galli@email.com', 'password40', 'foto65.jpg', 1, '35121', 'Centro', 'Via VIII Febbraio', '740', 93),
('Antonio Villa', '1980-06-22', '123.456.789-08', '+39 075 9012345', 'antonio.villa@email.com', 'password41', 'foto66.jpg', 0, '06121', 'Centro', 'Corso Vannucci', '750', 92),
('Valentina Riva', '1985-11-04', '234.567.890-19', '+39 045 0123456', 'valentina.riva@email.com', 'password42', 'foto67.jpg', 1, '37121', 'Centro', 'Via Mazzini', '760', 93),
('Simone Palumbo', '1978-04-17', '345.678.901-30', '+39 085 1234567', 'simone.palumbo@email.com', 'password43', 'foto68.jpg', 0, '65121', 'Centro', 'Corso De Michetti', '770', 76),
('Greta Serra', '1993-09-30', '456.789.012-41', '+39 079 2345678', 'greta.serra@email.com', 'password44', 'foto69.jpg', 1, '07100', 'Centro', 'Via Roma', '780', 88),
('Paolo D Angelo', '1987-02-12', '567.890.123-52', '+39 0871 3456789', 'paolo.dangelo@email.com', 'password45', 'foto70.jpg', 0, '66100', 'Centro', 'Corso Garibaldi', '790', 76),
('Alice Conte', '1992-07-25', '678.901.234-62', '+39 0721 4567890', 'alice.conte@email.com', 'password46', 'foto71.jpg', 1, '61121', 'Centro', 'Via Mazzini', '800', 76),
('Michele Martino', '1984-12-08', '789.012.345-73', '+39 0831 5678901', 'michele.martino@email.com', 'password47', 'foto72.jpg', 0, '73100', 'Centro', 'Via Vittorio Emanuele II', '810', 76),
('Laura Santoro', '1998-05-21', '890.123.456-84', '+39 099 6789012', 'laura.santoro@email.com', 'password48', 'foto73.jpg', 1, '74121', 'Centro', 'Via Sparano', '820', 76),
('Fabio Leone', '1981-10-03', '901.234.567-85', '+39 0961 7890123', 'fabio.leone@email.com', 'password49', 'foto74.jpg', 0, '88100', 'Centro', 'Corso Mazzini', '830', 77),
('Elisabetta Longo', '1997-03-16', '012.345.678-96', '+39 0971 8901234', 'elisabetta.longo@email.com', 'password50', 'foto75.jpg', 1, '84100', 'Centro', 'Via Roma', '840', 78),
('Oliver Johnson', '1983-06-29', '123.456.789-09', '+44 20 1234 5678', 'oliver.johnson@email.com', 'password51', 'foto76.jpg', 0, 'EC1A 1BB', 'City of London', 'Cheapside', '850', 106),
('Amelia Smith', '1988-01-11', '234.567.890-20', '+44 161 234 5678', 'amelia.smith@email.com', 'password52', 'foto77.jpg', 1, 'M1 1AB', 'City Centre', 'Deansgate', '860', 107),
('Harry Williams', '1979-08-24', '345.678.901-31', '+44 191 345 6789', 'harry.williams@email.com', 'password53', 'foto78.jpg', 0, 'NE1 1AD', 'City Centre', 'Northumberland Street', '870', 103),
('Isla Brown', '1994-03-07', '456.789.012-42', '+44 117 456 7890', 'isla.brown@email.com', 'password54', 'foto79.jpg', 1, 'BS1 1AB', 'City Centre', 'Park Street', '880', 96),
('Jack Jones', '1986-10-20', '567.890.123-53', '+44 121 567 8901', 'jack.jones@email.com', 'password55', 'foto80.jpg', 0, 'B1 1AB', 'City Centre', 'New Street', '890', 107),
('Emily Taylor', '1991-05-03', '678.901.234-63', '+44 113 678 9012', 'emily.taylor@email.com', 'password56', 'foto81.jpg', 1, 'LS1 1AB', 'City Centre', 'Briggate', '900', 124),
('Charlie Davies', '1980-12-16', '789.012.345-74', '+44 114 789 0123', 'charlie.davies@email.com', 'password57', 'foto82.jpg', 0, 'S1 1AB', 'City Centre', 'Fargate', '910', 123),
('Sophie Evans', '1995-07-29', '890.123.456-85', '+44 115 890 1234', 'sophie.evans@email.com', 'password58', 'foto83.jpg', 1, 'NG1 1AB', 'City Centre', 'Clumber Street', '920', 120),
('Jacob Wilson', '1989-02-10', '901.234.567-86', '+44 116 901 2345', 'jacob.wilson@email.com', 'password59', 'foto84.jpg', 0, 'LE1 1AB', 'City Centre', 'Gallowtree Gate', '930', 115),
('Lily Thomas', '1992-09-23', '012.345.678-97', '+44 117 012 3456', 'lily.thomas@email.com', 'password60', 'foto85.jpg', 1, 'CF10 1AB', 'City Centre', 'Queen Street', '940', 106),
('Ethan Roberts', '1984-04-06', '123.456.789-10', '+44 118 123 4567', 'ethan.roberts@email.com', 'password61', 'foto86.jpg', 0, 'RG1 1AB', 'City Centre', 'Broad Street', '950', 95),
('Mia Johnson', '1999-11-19', '234.567.890-21', '+44 119 234 5678', 'mia.johnson@email.com', 'password62', 'foto87.jpg', 1, 'OX1 1AB', 'City Centre', 'Cornmarket Street', '960', 121),
('Noah Lewis', '1977-06-02', '345.678.901-32', '+44 120 345 6789', 'noah.lewis@email.com', 'password63', 'foto88.jpg', 0, 'SO14 1AB', 'City Centre', 'Above Bar Street', '970', 126),
('Ava Walker', '1993-01-15', '456.789.012-43', '+44 121 456 7890', 'ava.walker@email.com', 'password64', 'foto89.jpg', 1, 'PL1 1AB', 'City Centre', 'Cornwall Street', '980', 99),
('James Wright', '1986-08-28', '567.890.123-54', '+44 122 567 8901', 'james.wright@email.com', 'password65', 'foto90.jpg', 0, 'EX1 1AB', 'City Centre', 'High Street', '990', 102),
('Charlotte Green', '1998-03-11', '678.901.234-64', '+44 123 678 9012', 'charlotte.green@email.com', 'password66', 'foto91.jpg', 1, 'NR2 1AB', 'City Centre', 'London Street', '1000', 118),
('William Hall', '1981-10-24', '789.012.345-75', '+44 124 789 0123', 'william.hall@email.com', 'password67', 'foto92.jpg', 0, 'YO1 1AB', 'City Centre', 'Coney Street', '1010', 119),
('Ella Clark', '1996-05-07', '890.123.456-86', '+44 125 890 1234', 'ella.clark@email.com', 'password68', 'foto93.jpg', 1, 'LA1 1AB', 'City Centre', 'Penny Street', '1020', 114),
('Benjamin King', '1988-12-20', '901.234.567-87', '+44 126 901 2345', 'benjamin.king@email.com', 'password69', 'foto94.jpg', 0, 'FY1 1AB', 'City Centre', 'Church Street', '1030', 114),
('Scarlett Scott', '1991-07-03', '012.345.678-98', '+44 127 012 3456', 'scarlett.scott@email.com', 'password70', 'foto95.jpg', 1, 'NE1 1AB', 'City Centre', 'Northumberland Street', '1040', 103),
('Henry Adams', '1983-02-16', '123.456.789-11', '+44 128 123 4567', 'henry.adams@email.com', 'password71', 'foto96.jpg', 0, 'DH1 1AB', 'City Centre', 'Saddler Street', '1050', 103),
('Grace Baker', '1997-09-29', '234.567.890-22', '+44 129 234 5678', 'grace.baker@email.com', 'password72', 'foto97.jpg', 1, 'SR1 1AB', 'City Centre', 'High Street West', '1060', 127),
('Alexander Mitchell', '1980-04-12', '345.678.901-33', '+44 130 345 6789', 'alexander.mitchell@email.com', 'password73', 'foto98.jpg', 0, 'TS1 1AB', 'City Centre', 'Linthorpe Road', '1070', 127),
('Freya Carter', '1995-11-25', '456.789.012-44', '+44 131 456 7890', 'freya.carter@email.com', 'password74', 'foto99.jpg', 1, 'EH1 1AB', 'Old Town', 'Royal Mile', '1080', 106),
('Samuel Phillips', '1989-06-08', '567.890.123-55', '+44 132 567 8901', 'samuel.phillips@email.com', 'password75', 'foto100.jpg', 0, 'G1 1AB', 'City Centre', 'Buchanan Street', '1090', 106);



INSERT INTO Lembrete (Titulo, DataInicio, DataFim, Descricao, Frequencia, Pessoa_id) VALUES
('Consulta Médica', '2023-11-15 09:00:00', NULL, 'Consulta com cardiologista no Hospital São Paulo', 'NENHUMA', 1),
('Uber para Aeroporto', '2023-11-16 06:30:00', NULL, 'Viagem de Uber para Aeroporto de Guarulhos - Voo AZ123', 'NENHUMA', 1),
('Check-up Anual', '2023-11-20 14:00:00', NULL, 'Check-up anual na Clínica Médica Saúde Total', 'NENHUMA', 2),
('Uber para Reunião', '2023-11-17 08:15:00', NULL, 'Viagem para reunião no Centro de Convenções', 'NENHUMA', 2),
('Consulta Odontológica', '2023-11-18 10:30:00', NULL, 'Limpeza e avaliação dentária', 'NENHUMA', 3),
('Uber para Shopping', '2023-11-19 16:00:00', NULL, 'Viagem para compras no Shopping Ibirapuera', 'NENHUMA', 3),
('Exame de Sangue', '2023-11-21 07:45:00', NULL, 'Jejum de 12 horas para exames laboratoriais', 'NENHUMA', 4),
('Uber para Estação', '2023-11-22 07:00:00', NULL, 'Viagem para Estação da Luz', 'NENHUMA', 4),
('Consulta Pediátrica', '2023-11-23 15:30:00', NULL, 'Consulta de rotina para criança', 'NENHUMA', 5),
('Uber para Cinema', '2023-11-24 19:00:00', NULL, 'Viagem para cinema - Sessão das 20h', 'NENHUMA', 5),
('Fisioterapia', '2023-11-25 11:00:00', NULL, 'Sessão de fisioterapia pós-cirúrgica', 'NENHUMA', 6),
('Uber para Restaurante', '2023-11-26 20:00:00', NULL, 'Jantar de aniversário - Restaurante Fasano', 'NENHUMA', 6),
('Ultrassom', '2023-11-27 08:30:00', NULL, 'Ultrassom abdominal - Beber água antes', 'NENHUMA', 7),
('Uber para Clube', '2023-11-28 09:00:00', NULL, 'Viagem para clube - Evento corporativo', 'NENHUMA', 7),
('Consulta Ginecológica', '2023-11-29 13:15:00', NULL, 'Consulta anual com ginecologista', 'NENHUMA', 8),
('Uber para Faculdade', '2023-11-30 07:45:00', NULL, 'Aula das 8h na Universidade de São Paulo', 'NENHUMA', 8),
('Retorno Médico', '2023-12-01 16:45:00', NULL, 'Retorno para avaliação de exames', 'NENHUMA', 9),
('Uber para Aeroporto', '2023-12-02 05:00:00', NULL, 'Viagem para Aeroporto de Congonhas - Voo G3123', 'NENHUMA', 9),
('Vacinação', '2023-12-03 10:00:00', NULL, 'Dose anual da vacina da gripe', 'NENHUMA', 10),
('Uber para Parque', '2023-12-04 14:00:00', NULL, 'Passeio no Parque Ibirapuera', 'NENHUMA', 10),
('Consulta Dermatológica', '2023-12-05 11:30:00', NULL, 'Avaliação de manchas na pele', 'NENHUMA', 11),
('Uber para Teatro', '2023-12-06 19:30:00', NULL, 'Peça "Hamlet" no Teatro Municipal', 'NENHUMA', 11),
('Exame de Vista', '2023-12-07 09:15:00', NULL, 'Teste de acuidade visual', 'NENHUMA', 12),
('Uber para Consultório', '2023-12-08 13:00:00', NULL, 'Consulta médica no Edifício Medical Center', 'NENHUMA', 12),
('Massoterapia', '2023-12-09 17:00:00', NULL, 'Sessão de massagem relaxante', 'NENHUMA', 13),
('Uber para Casa', '2023-12-10 22:00:00', NULL, 'Volta da festa de formatura', 'NENHUMA', 13),
('Consulta Nutricional', '2023-12-11 12:30:00', NULL, 'Acompanhamento de dieta', 'NENHUMA', 14),
('Uber para Academia', '2023-12-12 18:00:00', NULL, 'Treino personalizado', 'NENHUMA', 14),
('Eletrocardiograma', '2023-12-13 08:00:00', NULL, 'Exame cardíaco de rotina', 'NENHUMA', 15),
('Uber para Supermercado', '2023-12-14 16:30:00', NULL, 'Compras mensais', 'NENHUMA', 15),
('Consulta Psicológica', '2023-12-15 14:45:00', NULL, 'Sessão semanal de terapia', 'NENHUMA', 16),
('Uber para Festa', '2023-12-16 21:00:00', NULL, 'Festa de aniversário na Vila Madalena', 'NENHUMA', 16),
('Exame de Urina', '2023-12-17 07:30:00', NULL, 'Coleta de material para análise', 'NENHUMA', 17),
('Uber para Estádio', '2023-12-18 18:30:00', NULL, 'Jogo Corinthians x Palmeiras', 'NENHUMA', 17),
('Retorno Odontológico', '2023-12-19 15:15:00', NULL, 'Avaliação pós-tratamento', 'NENHUMA', 18),
('Uber para Show', '2023-12-20 20:00:00', NULL, 'Show do Coldplay no Allianz Parque', 'NENHUMA', 18),
('Consulta Ortopédica', '2023-12-21 10:00:00', NULL, 'Avaliação de dor no joelho', 'NENHUMA', 19),
('Uber para Museu', '2023-12-22 11:00:00', NULL, 'Visita à exposição no MASP', 'NENHUMA', 19),
('Exame de Pele', '2023-12-23 13:30:00', NULL, 'Mapeamento de pintas', 'NENHUMA', 20),
('Uber para Padaria', '2023-12-24 08:00:00', NULL, 'Compras para café da manhã de Natal', 'NENHUMA', 20),
('Consulta Veterinária', '2023-12-25 09:00:00', NULL, 'Check-up anual do cachorro', 'NENHUMA', 21),
('Uber para Praia', '2023-12-26 07:00:00', NULL, 'Dia de praia em Santos', 'NENHUMA', 21),
('Fisioterapia Respiratória', '2023-12-27 16:00:00', NULL, 'Sessão pós-pneumonia', 'NENHUMA', 22),
('Uber para Feira', '2023-12-28 09:30:00', NULL, 'Feira de artesanato no Ibirapuera', 'NENHUMA', 22),
('Consulta Endocrinológica', '2023-12-29 11:45:00', NULL, 'Controle de diabetes', 'NENHUMA', 23),
('Uber para Encontro', '2023-12-30 19:00:00', NULL, 'Jantar romântico', 'NENHUMA', 23),
('Exame de Audição', '2023-12-31 08:15:00', NULL, 'Teste audiométrico', 'NENHUMA', 24),
('Uber para Ano Novo', '2024-01-01 22:00:00', NULL, 'Festa de Réveillon', 'NENHUMA', 24),
('Consulta Geriátrica', '2024-01-02 14:30:00', NULL, 'Acompanhamento para idoso', 'NENHUMA', 25),
('Uber para Biblioteca', '2024-01-03 10:00:00', NULL, 'Pesquisa para trabalho acadêmico', 'NENHUMA', 25),
('Acupuntura', '2024-01-04 17:45:00', NULL, 'Sessão para alívio de dores', 'NENHUMA', 26),
('Uber para SPA', '2024-01-05 13:00:00', NULL, 'Dia de beleza e relaxamento', 'NENHUMA', 26),
('Consulta Oftalmológica', '2024-01-06 09:30:00', NULL, 'Atualização de grau dos óculos', 'NENHUMA', 27),
('Uber para Aeroporto JFK', '2024-01-07 05:30:00', NULL, 'Voo internacional para Londres', 'NENHUMA', 27),
('Check-up Executivo', '2024-01-08 07:45:00', NULL, 'Exame médico completo', 'NENHUMA', 28),
('Uber para Disney', '2024-01-09 08:00:00', NULL, 'Passeio na Disneyland', 'NENHUMA', 28),
('Consulta Pré-Natal', '2024-01-10 10:15:00', NULL, 'Acompanhamento de gravidez', 'NENHUMA', 29),
('Uber para Universal Studios', '2024-01-11 09:00:00', NULL, 'Dia de diversão no parque', 'NENHUMA', 29),
('Exame de Prostata', '2024-01-12 08:30:00', NULL, 'Check-up anual', 'NENHUMA', 30),
('Uber para Almoço', '2024-01-13 12:00:00', NULL, 'Almoço de negócios', 'NENHUMA', 30),
('Consulta Psiquiátrica', '2024-01-14 15:00:00', NULL, 'Acompanhamento medicamentoso', 'NENHUMA', 31),
('Uber para Concerto', '2024-01-15 19:30:00', NULL, 'Concerto de música clássica', 'NENHUMA', 31),
('Fisioterapia Neurológica', '2024-01-16 11:00:00', NULL, 'Reabilitação pós-AVC', 'NENHUMA', 32),
('Uber para Galeria', '2024-01-17 14:00:00', NULL, 'Visita à exposição de arte', 'NENHUMA', 32),
('Consulta Alergológica', '2024-01-18 13:45:00', NULL, 'Testes alérgicos', 'NENHUMA', 33),
('Uber para Estação Grand Central', '2024-01-19 08:00:00', NULL, 'Viagem de trem para Boston', 'NENHUMA', 33),
('Exame de Mama', '2024-01-20 10:30:00', NULL, 'Mamografia anual', 'NENHUMA', 34),
('Uber para Times Square', '2024-01-21 18:00:00', NULL, 'Passeio turístico', 'NENHUMA', 34),
('Consulta Urologica', '2024-01-22 09:15:00', NULL, 'Avaliação de cálculo renal', 'NENHUMA', 35),
('Uber para Estádio Yankee', '2024-01-23 17:00:00', NULL, 'Jogo de baseball', 'NENHUMA', 35),
('Fonoaudiologia', '2024-01-24 16:30:00', NULL, 'Terapia para dicção', 'NENHUMA', 36),
('Uber para Central Park', '2024-01-25 10:00:00', NULL, 'Passeio matinal', 'NENHUMA', 36),
('Consulta Cardiologica', '2024-01-26 14:00:00', NULL, 'Avaliação de arritmia', 'NENHUMA', 37),
('Uber para Empire State', '2024-01-27 11:00:00', NULL, 'Visita ao observatório', 'NENHUMA', 37),
('Exame de Sangue', '2024-01-28 07:00:00', NULL, 'Check-up semestral', 'NENHUMA', 38),
('Uber para Broadway', '2024-01-29 20:00:00', NULL, 'Peça musical', 'NENHUMA', 38),
('Consulta Neurológica', '2024-01-30 10:30:00', NULL, 'Avaliação de dores de cabeça crônicas', 'NENHUMA', 39),
('Uber para Porto', '2024-01-31 08:00:00', NULL, 'Viagem para Porto de Santos', 'NENHUMA', 39),
('Exame de Colesterol', '2024-02-01 09:00:00', NULL, 'Exame de sangue para medir colesterol', 'NENHUMA', 40),
('Uber para Restaurante', '2024-02-02 20:00:00', NULL, 'Jantar no Restaurante D.O.M.', 'NENHUMA', 40),
('Consulta Hematológica', '2024-02-03 11:30:00', NULL, 'Exame de sangue para controle de anemia', 'NENHUMA', 41),
('Uber para Casamento', '2024-02-04 18:00:00', NULL, 'Casamento de amigo próximo', 'NENHUMA', 41),
('Exame de DNA', '2024-02-05 14:00:00', NULL, 'Coleta para exame de DNA', 'NENHUMA', 42),
('Uber para Reunião de Trabalho', '2024-02-06 08:30:00', NULL, 'Reunião importante com cliente', 'NENHUMA', 42),
('Consulta Geriátrica', '2024-02-07 10:00:00', NULL, 'Acompanhamento médico para idoso', 'NENHUMA', 43),
('Uber para Show de Música', '2024-02-08 19:30:00', NULL, 'Show de jazz no Auditório Ibirapuera', 'NENHUMA', 43),
('Retorno Cirúrgico', '2024-02-09 16:00:00', NULL, 'Retorno após cirurgia de quadril', 'NENHUMA', 44),
('Uber para Mercado', '2024-02-10 10:00:00', NULL, 'Compras semanais de supermercado', 'NENHUMA', 44),
('Consulta Oftalmológica', '2024-02-11 09:45:00', NULL, 'Exame de vista anual', 'NENHUMA', 45),
('Uber para Clínica Estética', '2024-02-12 14:30:00', NULL, 'Tratamento estético facial', 'NENHUMA', 45),
('Check-up Cardíaco', '2024-02-13 08:15:00', NULL, 'Avaliação completa de saúde do coração', 'NENHUMA', 46),
('Uber para Cinema', '2024-02-14 18:30:00', NULL, 'Sessão de cinema - Filme premiado', 'NENHUMA', 46),
('Exame de Fezes', '2024-02-15 07:00:00', NULL, 'Coleta para exame de fezes', 'NENHUMA', 47),
('Uber para Congresso', '2024-02-16 09:00:00', NULL, 'Congresso sobre Inovação Tecnológica', 'NENHUMA', 47),
('Consulta de Fertilidade', '2024-02-17 14:30:00', NULL, 'Consulta para acompanhamento de fertilidade', 'NENHUMA', 48),
('Uber para Festa de Casamento', '2024-02-18 19:30:00', NULL, 'Festa de casamento de um primo', 'NENHUMA', 48),
('Consulta de Controle de Peso', '2024-02-19 11:00:00', NULL, 'Consulta com nutricionista para controle de peso', 'NENHUMA', 49),
('Uber para Festa de Aniversário', '2024-02-20 20:00:00', NULL, 'Festa de aniversário na casa de amigos', 'NENHUMA', 49),
('Exame de Tomografia', '2024-02-21 10:30:00', NULL, 'Exame de tomografia para investigação de sintomas', 'NENHUMA', 50),
('Uber para Shopping Center', '2024-02-22 14:00:00', NULL, 'Compras no Shopping Morumbi', 'NENHUMA', 50),
('Consulta Odontológica de Urgência', '2024-02-23 12:00:00', NULL, 'Urgência odontológica - dor no dente', 'NENHUMA', 51),
('Uber para Centro Comercial', '2024-02-24 16:30:00', NULL, 'Visita ao Centro Comercial para negócios', 'NENHUMA', 51),
('Retorno Dermatológico', '2024-02-25 15:45:00', NULL, 'Avaliação pós-tratamento de acne', 'NENHUMA', 52),
('Uber para Piquenique', '2024-02-26 10:00:00', NULL, 'Piquenique no Parque Villa-Lobos', 'NENHUMA', 52),
('Consulta Otorrinolaringológica', '2024-02-27 08:30:00', NULL, 'Consulta para problemas auditivos', 'NENHUMA', 53),
('Uber para Festa de Formatura', '2024-02-28 18:00:00', NULL, 'Formatura de um amigo no Centro de Convenções', 'NENHUMA', 53),
('Exame de Endoscopia', '2024-02-29 07:00:00', NULL, 'Exame endoscópico para diagnóstico de refluxo', 'NENHUMA', 54),
('Uber para Viagem Internacional', '2024-03-01 04:30:00', NULL, 'Transporte para aeroporto para viagem ao exterior', 'NENHUMA', 54),
('Consulta Psiquiátrica de Emergência', '2024-03-02 09:00:00', NULL, 'Atendimento psiquiátrico emergencial', 'NENHUMA', 55),
('Uber para Encontro de Família', '2024-03-03 15:30:00', NULL, 'Encontro familiar para almoço no interior', 'NENHUMA', 55),
('Exame de Papanicolau', '2024-03-04 08:15:00', NULL, 'Exame preventivo ginecológico anual', 'NENHUMA', 56),
('Uber para Parque Nacional', '2024-03-05 09:00:00', NULL, 'Passeio ao Parque Nacional da Serra da Canastra', 'NENHUMA', 56),
('Consulta de Alergia Alimentar', '2024-03-06 11:30:00', NULL, 'Teste de alergia alimentar', 'NENHUMA', 57),
('Uber para Churrasco', '2024-03-07 19:00:00', NULL, 'Churrasco com amigos no fim de semana', 'NENHUMA', 57);



INSERT INTO Hotel (CNPJ, Nome, Tipo, Email, Telefone, EnderecoFoto, Site, Acessibilidade, CEP, Bairro, Rua, NumeroEndereco, Cidade_id) VALUES 
('21.093.547/0001-59', 'Monteiro', 'Pousada', 'lda-cruz@costa.br', '+55 (011) 9595 6896', 'https://dummyimage.com/37x90', 'http://da.com/', 'Acessível', '24828-969', 'Monsenhor Messias', 'Lagoa Carvalho', '341', 31),
('53.842.697/0001-04', 'Rodrigues Almeida S.A.', 'Hotel', 'alana02@santos.org', '11 6531 4067', 'https://dummyimage.com/895x432', 'https://moreira.br/', 'Não acessível', '81139479', 'Fernão Dias', 'Alameda Dias', '65', 66),
('47.602.513/0001-36', 'Moraes', 'Hotel', 'qmoura@santos.br', '+55 (084) 4140-9843', 'https://placeimg.com/721/179/any', 'https://oliveira.br/', 'Acessível', '16185-525', 'Nova Suíça', 'Distrito Ana Sophia Pereira', '57', 23),
('16.908.437/0001-68', 'Caldeira Ltda.', 'Pousada', 'ana-claramelo@da.br', '+55 21 9200 0880', 'https://dummyimage.com/4x976', 'http://martins.net/', 'Acessível', '01086-442', 'Jaqueline', 'Quadra Barbosa', '62', 127),
('80.437.196/0001-15', 'Ferreira - ME', 'Hotel', 'benicio57@gmail.com', '0500-917-3724', 'https://www.lorempixel.com/601/263', 'https://moura.br/', 'Acessível', '44936455', 'Vila Madre Gertrudes 2ª Seção', 'Avenida João Moura', '32', 30),
('37.619.548/0001-24', 'Dias', 'Hotel', 'daniloda-mota@ig.com.br', '71 7456-7127', 'https://www.lorempixel.com/40/156', 'https://correia.br/', 'Acessível', '95522569', 'Conjunto Serra Verde', 'Morro Costa', '2', 3),
('32.459.681/0001-47', 'Freitas', 'Hotel', 'nascimentopedro-miguel@fogaca.br', '11 7458-5873', 'https://www.lorempixel.com/560/296', 'http://www.lopes.br/', 'Acessível', '83808914', 'Mala E Cuia', 'Área Cardoso', '48', 24),
('34.679.201/0001-89', 'Campos', 'Hotel', 'fernandesheitor@lima.com', '+55 81 8932-2428', 'https://placekitten.com/188/949', 'https://rodrigues.com/', 'Não acessível', '73026641', 'Mirtes', 'Jardim de Cardoso', '50', 64),
('87.940.612/0001-42', 'Carvalho e Filhos', 'Hotel', 'jcastro@gmail.com', '+55 (084) 9687 8706', 'https://dummyimage.com/965x754', 'http://moreira.net/', 'Não acessível', '03629052', 'Lajedo', 'Esplanada Isabel Costela', '45', 99),
('73.685.942/0001-24', 'da Paz Carvalho S/A', 'Hotel', 'isis28@goncalves.com', '(061) 1456-7037', 'https://placeimg.com/806/108/any', 'https://www.viana.br/', 'Não acessível', '16569-244', 'Satelite', 'Feira Raul Cardoso', '45', 50),
('47.298.503/0001-59', 'Rocha', 'Hotel', 'pietro84@yahoo.com.br', '+55 11 6282 0013', 'https://placekitten.com/491/818', 'https://www.sales.com/', 'Não acessível', '55206-938', 'Vila Vista Alegre', 'Vale Silva', '67', 62),
('53.841.096/0001-87', 'Correia', 'Hotel', 'thomasduarte@pinto.com', '+55 31 4054-5524', 'https://placekitten.com/240/341', 'https://rezende.net/', 'Acessível', '03015935', 'Xangri-Lá', 'Recanto Ferreira', '246', 29),
('04.329.876/0001-37', 'da Costa Costela - ME', 'Hotel', 'augusto54@hotmail.com', '(041) 9998-4437', 'https://placekitten.com/206/553', 'https://www.freitas.com/', 'Não acessível', '57529-990', 'Salgado Filho', 'Rodovia de Costa', '78', 53),
('52.873.491/0001-89', 'Martins', 'Hotel', 'pporto@nunes.net', '+55 (081) 2378 6377', 'https://www.lorempixel.com/619/952', 'http://www.aragao.br/', 'Não acessível', '05175-907', 'Cardoso', 'Condomínio Silveira', '88', 64),
('53.278.016/0001-27', 'Ramos - ME', 'Hotel', 'sophie02@hotmail.com', '0800-574-9395', 'https://placekitten.com/493/692', 'https://www.costa.com/', 'Acessível', '78528-527', 'Gutierrez', 'Viela Melissa Correia', '3', 63),
('76.398.241/0001-00', 'Mendes', 'Hotel', 'rezendeana-clara@da.br', '0900 366 2108', 'https://placeimg.com/734/620/any', 'https://azevedo.com/', 'Acessível', '61643542', 'Estrela Do Oriente', 'Parque Luiz Felipe Carvalho', '60', 72),
('80.157.692/0001-15', 'da Conceição Cavalcanti e Filhos', 'Hostel', 'duarteana-sophia@uol.com.br', '+55 71 1803 9336', 'https://www.lorempixel.com/383/696', 'https://www.pires.com/', 'Acessível', '64851157', 'Paulo Vi', 'Passarela de Oliveira', '24', 107),
('86.405.219/0001-96', 'Silva Almeida - EI', 'Hostel', 'gomesmilena@bol.com.br', '61 0795-9235', 'https://www.lorempixel.com/345/924', 'https://www.da.net/', 'Acessível', '46401654', 'Pirineus', 'Setor de Costa', '28', 111),
('02.358.679/0001-10', 'Campos Aragão - ME', 'Pousada', 'augusto83@bol.com.br', '+55 84 2463 7783', 'https://www.lorempixel.com/513/401', 'https://novaes.com/', 'Não acessível', '49651108', 'Nova Suíça', 'Lagoa de Nogueira', '9', 68),
('34.879.612/0001-18', 'Pereira Ltda.', 'Hotel', 'joao-miguelcarvalho@ig.com.br', '+55 71 1933-5881', 'https://placekitten.com/584/758', 'https://www.martins.com/', 'Não acessível', '61763211', 'Nova Cachoeirinha', 'Rua de Santos', '25', 8),
('80.431.762/0001-81', 'Monteiro Castro S/A', 'Hotel', 'danilomonteiro@bol.com.br', '+55 11 3664 4438', 'https://placeimg.com/52/71/any', 'http://www.da.com/', 'Não acessível', '46464-804', 'Gameleira', 'Estrada Caio Pinto', '83', 87),
('23.945.710/0001-90', 'Viana e Filhos', 'Pousada', 'caldeirajoao-gabriel@moreira.net', '+55 (011) 9107 3845', 'https://placeimg.com/297/500/any', 'https://martins.br/', 'Não acessível', '91150-840', 'Belmonte', 'Núcleo Cardoso', '84', 4),
('74.950.628/0001-94', 'Campos', 'Hotel', 'da-motagabrielly@azevedo.com', '(071) 7282 4537', 'https://placekitten.com/615/342', 'https://www.cardoso.com/', 'Acessível', '14113-565', 'Conjunto Califórnia I', 'Avenida Campos', '910', 110),
('62.758.049/0001-65', 'Cardoso - EI', 'Hotel', 'rbarbosa@hotmail.com', '+55 61 3166 1596', 'https://placekitten.com/33/917', 'https://carvalho.br/', 'Acessível', '88303-395', 'Maravilha', 'Sítio de Rocha', '16', 127),
('96.087.452/0001-21', 'da Mata Cardoso S/A', 'Hostel', 'cunhalorena@pereira.br', '+55 (081) 7389-9691', 'https://dummyimage.com/949x989', 'http://www.silveira.br/', 'Não acessível', '93559614', 'Gutierrez', 'Praça Pedro Ramos', '407', 115),
('08.237.916/0001-71', 'Cardoso - EI', 'Hotel', 'da-rosanicole@silveira.com', '+55 (031) 0055-2387', 'https://placeimg.com/708/583/any', 'https://www.duarte.br/', 'Acessível', '68455645', 'Casa Branca', 'Trevo Ribeiro', '18', 24),
('64.753.981/0001-20', 'da Paz', 'Hotel', 'joaquimoliveira@barros.br', '+55 (021) 9118-1866', 'https://placeimg.com/383/13/any', 'https://da.com/', 'Não acessível', '00971-559', 'Vila Madre Gertrudes 3ª Seção', 'Loteamento de Duarte', '59', 87),
('30.768.524/0001-98', 'Rocha S/A', 'Hotel', 'erick83@hotmail.com', '51 2937 7238', 'https://placekitten.com/488/671', 'http://moraes.br/', 'Não acessível', '86099-957', 'Estrela Do Oriente', 'Favela Rafaela Silva', '92', 118),
('39.576.024/0001-29', 'das Neves', 'Hotel', 'mendesrodrigo@hotmail.com', '+55 41 3885-7067', 'https://www.lorempixel.com/9/171', 'https://www.carvalho.br/', 'Acessível', '56537-602', 'Conjunto Providencia', 'Praça de Moreira', '27', 86),
('87.396.524/0001-21', 'Costa S.A.', 'Hotel', 'brezende@hotmail.com', '+55 84 3716-1266', 'https://dummyimage.com/408x813', 'http://www.fogaca.com/', 'Acessível', '42188019', 'João Paulo Ii', 'Setor Rebeca Teixeira', '215', 84),
('12.674.958/0001-47', 'Correia', 'Hotel', 'maria-alice67@moura.br', '+55 41 8365-6355', 'https://dummyimage.com/924x23', 'https://lopes.com/', 'Não acessível', '06461-505', 'Vila Jardim Alvorada', 'Setor de Azevedo', '75', 86),
('76.039.518/0001-09', 'Porto da Mata Ltda.', 'Pousada', 'hcavalcanti@santos.br', '+55 61 6720 4255', 'https://dummyimage.com/473x17', 'https://rodrigues.org/', 'Acessível', '92879189', 'Vila Do Pombal', 'Distrito Heitor Souza', '7', 69),
('15.692.470/0001-30', 'Lima', 'Hostel', 'enricolopes@hotmail.com', '+55 81 0405-9972', 'https://placekitten.com/749/461', 'https://www.nunes.com/', 'Não acessível', '51800-332', 'Cidade Nova', 'Jardim de Rocha', '72', 49),
('23.918.745/0001-30', 'Costa da Rocha S.A.', 'Hotel', 'ninada-mota@da.br', '+55 (061) 6415 6833', 'https://placeimg.com/115/1007/any', 'http://rezende.br/', 'Não acessível', '40380280', 'Luxemburgo', 'Campo Rafaela Lima', '415', 12),
('18.053.247/0001-31', 'Farias S/A', 'Pousada', 'maria-cecilia03@uol.com.br', '(041) 1104-5570', 'https://placekitten.com/399/146', 'http://www.nogueira.org/', 'Não acessível', '26883409', 'Vila Boa Vista', 'Colônia de Lima', '8', 125),
('70.186.295/0001-18', 'Melo Fogaça S.A.', 'Hostel', 'epereira@yahoo.com.br', '+55 (084) 1602 1807', 'https://www.lorempixel.com/963/917', 'https://www.aragao.com/', 'Acessível', '85828120', 'Liberdade', 'Morro de Dias', '28', 20),
('36.194.057/0001-16', 'Nunes', 'Hotel', 'ucastro@monteiro.com', '+55 (051) 6733-9434', 'https://dummyimage.com/468x841', 'https://caldeira.net/', 'Não acessível', '72129-331', 'Cenaculo', 'Ladeira Araújo', '70', 90),
('82.506.143/0001-34', 'Mendes', 'Hostel', 'alanapinto@yahoo.com.br', '+55 (061) 7459 0101', 'https://dummyimage.com/636x203', 'http://pires.com/', 'Acessível', '46803627', 'Cidade Jardim Taquaril', 'Favela Novaes', '31', 50),
('29.045.873/0001-00', 'Rodrigues', 'Hotel', 'aragaoevelyn@da.br', '+55 (041) 4295-0735', 'https://placeimg.com/899/294/any', 'https://www.rezende.br/', 'Acessível', '40923-304', 'Rio Branco', 'Jardim Vieira', '7', 122),
('57.146.083/0001-49', 'Ramos', 'Hotel', 'gabrielly65@bol.com.br', '84 6140 9160', 'https://www.lorempixel.com/344/958', 'http://barros.com/', 'Acessível', '04154891', 'Minaslandia', 'Distrito João Miguel Moreira', '38', 65),
('21.936.805/0001-11', 'da Cunha', 'Hotel', 'noaharaujo@dias.com', '21 6858-1023', 'https://placekitten.com/840/550', 'http://jesus.org/', 'Não acessível', '45941218', 'Saudade', 'Largo Campos', '70', 45),
('31.095.487/0001-67', 'da Rosa', 'Hotel', 'vieiradavi-lucca@gomes.br', '(011) 5227 3704', 'https://www.lorempixel.com/600/231', 'https://freitas.org/', 'Acessível', '33845-083', 'Maria Helena', 'Lago Porto', '4', 13),
('85.210.436/0001-68', 'Mendes', 'Pousada', 'tcampos@gmail.com', '+55 61 3978 8711', 'https://dummyimage.com/283x282', 'https://nogueira.com/', 'Não acessível', '93579-352', 'Santa Sofia', 'Loteamento Juan Lopes', '45', 70),
('40.267.815/0001-56', 'Costela - ME', 'Hostel', 'cunhajuan@cardoso.com', '+55 (061) 4237 6543', 'https://dummyimage.com/319x558', 'https://martins.net/', 'Acessível', '53571-375', 'Monsenhor Messias', 'Estrada Maria Campos', '253', 123),
('89.476.012/0001-09', 'Rocha', 'Hotel', 'mariana25@gmail.com', '+55 (031) 1338 4015', 'https://www.lorempixel.com/320/682', 'http://www.moraes.br/', 'Acessível', '11503-432', 'Frei Leopoldo', 'Praça da Paz', '23', 119),
('32.685.019/0001-05', 'Martins Alves S/A', 'Hostel', 'fferreira@gmail.com', '61 6089-4988', 'https://www.lorempixel.com/1008/1020', 'http://oliveira.com/', 'Acessível', '10575-883', 'Grota', 'Passarela Bryan Ramos', '5', 85),
('14.586.937/0001-03', 'da Mota', 'Pousada', 'nunesmiguel@uol.com.br', '(051) 8027-4488', 'https://www.lorempixel.com/656/64', 'http://www.souza.org/', 'Acessível', '89722-263', 'Gutierrez', 'Viela Nicolas Rezende', '4', 98),
('93.601.782/0001-03', 'Sales Monteiro - EI', 'Pousada', 'sda-mata@monteiro.br', '+55 (071) 9869 7094', 'https://placeimg.com/1015/496/any', 'https://peixoto.br/', 'Acessível', '80063123', 'São Francisco', 'Estação de Sales', '3', 76),
('75.896.430/0001-32', 'Alves Ltda.', 'Pousada', 'clarafreitas@gomes.br', '+55 81 8028 4053', 'https://placeimg.com/847/84/any', 'https://melo.com/', 'Não acessível', '20475506', 'Vila Das Oliveiras', 'Loteamento de Dias', '2', 41),
('28.360.471/0001-20', 'Caldeira Peixoto e Filhos', 'Hotel', 'ana-juliamoraes@bol.com.br', '+55 84 7981 5195', 'https://placeimg.com/479/436/any', 'https://nogueira.com/', 'Não acessível', '72734-660', 'Santa Sofia', 'Recanto de Gomes', '11', 39),
('17.583.069/0001-98', 'da Mota Rodrigues Ltda.', 'Hostel', 'leticia21@ferreira.br', '+55 (061) 2383-7370', 'https://placeimg.com/785/384/any', 'https://www.lopes.com/', 'Acessível', '41834-494', 'Oeste', 'Alameda Gomes', '20', 117),
('29.840.537/0001-41', 'Gomes Jesus - EI', 'Hotel', 'souzaleticia@gmail.com', '+55 41 4004 0671', 'https://placekitten.com/302/466', 'https://da.br/', 'Acessível', '98455-937', 'Lourdes', 'Núcleo Luiz Otávio da Mata', '40', 112),
('30.851.769/0001-84', 'Barbosa S.A.', 'Hostel', 'duarteluiz-otavio@ig.com.br', '(021) 9558-4612', 'https://placeimg.com/801/433/any', 'http://www.campos.com/', 'Acessível', '37781761', 'Jaraguá', 'Estação da Rocha', '68', 119),
('34.951.260/0001-64', 'Martins', 'Hotel', 'naraujo@yahoo.com.br', '+55 (071) 2656-1284', 'https://dummyimage.com/109x661', 'http://rezende.com/', 'Não acessível', '84618-588', 'Vila Nova Cachoeirinha 3ª Seção', 'Jardim de Cardoso', '9', 1),
('32.807.691/0001-26', 'Dias', 'Hotel', 'monteiropedro@da.com', '51 3680 6942', 'https://placekitten.com/454/25', 'http://www.ferreira.br/', 'Acessível', '04441836', 'Conjunto Novo Dom Bosco', 'Aeroporto Davi da Conceição', '1', 60),
('26.935.180/0001-97', 'Costa S.A.', 'Hostel', 'marcelo67@uol.com.br', '+55 31 3340-8400', 'https://placeimg.com/238/147/any', 'http://www.cardoso.br/', 'Acessível', '18085-623', 'Novo Tupi', 'Recanto Freitas', '75', 116),
('03.612.745/0001-08', 'da Paz Rocha S.A.', 'Hotel', 'camilamoraes@ig.com.br', '71 4111-5391', 'https://www.lorempixel.com/3/186', 'http://oliveira.net/', 'Acessível', '89203726', 'Santa Cecilia', 'Viaduto Oliveira', '2', 35),
('38.057.124/0001-86', 'Cardoso Ribeiro S.A.', 'Hotel', 'isaac62@ferreira.br', '+55 71 3001 1078', 'https://www.lorempixel.com/48/781', 'https://www.carvalho.br/', 'Não acessível', '77548-603', 'Santana Do Cafezal', 'Condomínio de Silveira', '5', 72),
('71.842.650/0001-22', 'Barros', 'Hostel', 'aduarte@bol.com.br', '+55 81 2122-3219', 'https://placekitten.com/920/140', 'http://da.br/', 'Não acessível', '36908760', 'Santa Amelia', 'Feira Pinto', '640', 114),
('16.458.723/0001-79', 'Nogueira', 'Hotel', 'nicolas67@lima.org', '+55 (041) 0991 1117', 'https://dummyimage.com/342x273', 'http://dias.br/', 'Acessível', '31173-080', 'Minas Brasil', 'Condomínio Ana Beatriz Oliveira', '29', 85),
('51.839.467/0001-60', 'Duarte', 'Hotel', 'qda-mata@novaes.com', '+55 (021) 6863 3251', 'https://dummyimage.com/693x954', 'http://freitas.br/', 'Não acessível', '42355113', 'Vila Santo Antônio Barroquinha', 'Alameda de Mendes', '40', 97),
('70.689.452/0001-08', 'da Mata', 'Pousada', 'antoniogoncalves@da.org', '21 5915 9563', 'https://placekitten.com/680/32', 'https://oliveira.br/', 'Não acessível', '57215525', 'Guarani', 'Praia de Freitas', '52', 6),
('89.410.627/0001-24', 'Silveira - EI', 'Hotel', 'cavalcantiluiza@santos.com', '(081) 5464-6190', 'https://www.lorempixel.com/197/26', 'https://www.cardoso.br/', 'Acessível', '24592-190', 'Vila Santa Rosa', 'Largo Giovanna Moura', '36', 56),
('96.038.745/0001-19', 'Campos - ME', 'Hotel', 'rribeiro@rocha.com', '+55 11 0587-4157', 'https://placeimg.com/438/942/any', 'http://www.da.com/', 'Não acessível', '85703-658', 'Lourdes', 'Setor de Martins', '6', 120),
('90.257.481/0001-08', 'da Rosa', 'Hostel', 'esthersouza@bol.com.br', '+55 (011) 1430 9937', 'https://www.lorempixel.com/228/1019', 'http://www.caldeira.com/', 'Acessível', '22529560', 'Primeiro De Maio', 'Núcleo Henrique Araújo', '88', 11),
('20.897.634/0001-04', 'Pereira Melo - EI', 'Hotel', 'teixeiraraul@bol.com.br', '71 5907 5615', 'https://placeimg.com/749/708/any', 'https://www.rocha.com/', 'Acessível', '39003773', 'Pongelupe', 'Vereda Sales', '8', 19),
('26.704.519/0001-44', 'da Rosa S/A', 'Hostel', 'abarbosa@bol.com.br', '(031) 1498-7904', 'https://www.lorempixel.com/938/768', 'https://www.araujo.com/', 'Acessível', '90120-862', 'Alpes', 'Lago Juliana da Mata', '49', 60),
('37.805.142/0001-36', 'Araújo e Filhos', 'Pousada', 'mourastella@da.org', '+55 (071) 1467-8539', 'https://placeimg.com/344/578/any', 'http://www.moraes.org/', 'Não acessível', '12342-715', 'João Paulo Ii', 'Ladeira de Cavalcanti', '32', 41),
('83.941.765/0001-53', 'Martins e Filhos', 'Hostel', 'fernandesdavi-luiz@uol.com.br', '+55 41 7488 2618', 'https://placekitten.com/369/698', 'https://dias.com/', 'Acessível', '21043-606', 'Novo Santa Cecilia', 'Parque Isadora Alves', '54', 100),
('07.132.958/0001-85', 'Vieira', 'Pousada', 'otaviomendes@gmail.com', '+55 (081) 2850 2857', 'https://dummyimage.com/200x980', 'https://cavalcanti.net/', 'Acessível', '21405-397', 'Cachoeirinha', 'Morro da Rosa', '97', 42),
('24.590.831/0001-29', 'Ramos', 'Hotel', 'joao-guilherme28@yahoo.com.br', '(071) 8580-5809', 'https://placeimg.com/640/994/any', 'http://moura.br/', 'Acessível', '50850241', 'Monsenhor Messias', 'Sítio Marina da Conceição', '60', 115),
('71.504.382/0001-39', 'da Cunha Porto S/A', 'Pousada', 'isales@fernandes.com', '11 3205 6293', 'https://placeimg.com/761/241/any', 'https://farias.br/', 'Acessível', '55425260', 'Estoril', 'Trevo da Conceição', '817', 64),
('31.847.609/0001-24', 'Pires', 'Hotel', 'emilly12@gmail.com', '11 7054 5390', 'https://placeimg.com/520/766/any', 'https://www.freitas.org/', 'Acessível', '45884085', 'Conjunto Providencia', 'Vila Novaes', '77', 61),
('07.549.182/0001-01', 'Costa', 'Hotel', 'gfogaca@ig.com.br', '+55 61 4836 0779', 'https://www.lorempixel.com/535/699', 'http://da.br/', 'Acessível', '13027-909', 'São Bernardo', 'Via Gabriela da Cunha', '25', 3),
('06.358.791/0001-02', 'Monteiro', 'Pousada', 'xmonteiro@bol.com.br', '0800-422-8264', 'https://placekitten.com/259/923', 'http://www.pires.net/', 'Acessível', '33387-531', 'São Sebastião', 'Passarela de Cardoso', '75', 33),
('63.847.250/0001-81', 'Nogueira - ME', 'Hostel', 'valentinafernandes@gmail.com', '0900-990-5493', 'https://www.lorempixel.com/691/997', 'https://www.porto.net/', 'Acessível', '52130896', 'Cachoeirinha', 'Largo Teixeira', '75', 65),
('48.072.139/0001-77', 'das Neves Nogueira S.A.', 'Hostel', 'da-luzheitor@da.com', '+55 41 0928 4432', 'https://placeimg.com/683/545/any', 'http://www.freitas.com/', 'Acessível', '21224112', 'Santa Tereza', 'Jardim Gomes', '1', 10),
('03.168.749/0001-30', 'Gomes Ltda.', 'Hotel', 'jesushelena@uol.com.br', '+55 (041) 9357 3476', 'https://www.lorempixel.com/103/435', 'http://nunes.br/', 'Não acessível', '32083-429', 'Vila Satélite', 'Passarela de da Costa', '852', 28),
('79.851.432/0001-66', 'Silveira', 'Hotel', 'rafaeladas-neves@hotmail.com', '(071) 7956 0411', 'https://placekitten.com/1013/738', 'http://da.net/', 'Acessível', '60923804', 'Frei Leopoldo', 'Vale Novaes', '83', 97),
('07.561.923/0001-61', 'Gonçalves', 'Hotel', 'julianabarros@uol.com.br', '+55 (071) 1580-9673', 'https://www.lorempixel.com/884/808', 'http://gomes.com/', 'Não acessível', '90846-218', 'Vila Esplanada', 'Sítio Augusto Jesus', '91', 108),
('30.516.492/0001-33', 'da Paz', 'Hotel', 'antonio20@barros.br', '+55 31 1579-3436', 'https://placeimg.com/169/511/any', 'https://www.da.br/', 'Não acessível', '04643-191', 'Vila Califórnia', 'Rodovia Aragão', '38', 24),
('53.782.409/0001-73', 'da Conceição', 'Hotel', 'lavinia81@da.net', '41 0349-4477', 'https://dummyimage.com/634x92', 'http://www.araujo.br/', 'Não acessível', '14292467', 'Novo Das Industrias', 'Estação de Silva', '46', 77),
('13.958.267/0001-38', 'da Paz Vieira Ltda.', 'Hostel', 'aragaoisaac@santos.com', '(084) 1378 4034', 'https://www.lorempixel.com/7/260', 'http://www.das.net/', 'Não acessível', '20359603', 'Fernão Dias', 'Núcleo Cauê Nunes', '8', 120),
('97.012.634/0001-04', 'Ramos Teixeira S.A.', 'Pousada', 'ida-costa@hotmail.com', '+55 (041) 7709-7694', 'https://placekitten.com/515/200', 'http://souza.br/', 'Não acessível', '84297706', 'Vila Dos Anjos', 'Área Nunes', '365', 86),
('80.647.513/0001-28', 'Peixoto', 'Hotel', 'mouralara@sales.com', '71 3846-6007', 'https://www.lorempixel.com/945/624', 'http://www.costela.net/', 'Não acessível', '43456085', 'Maravilha', 'Trecho Samuel Lima', '47', 4),
('51.869.370/0001-09', 'Cavalcanti Silva - EI', 'Hostel', 'pietra76@costa.com', '(071) 2348-8444', 'https://www.lorempixel.com/33/598', 'https://www.pereira.br/', 'Não acessível', '34168-219', 'Esplanada', 'Condomínio João Felipe Vieira', '3', 36),
('41.583.702/0001-22', 'Costa Novaes - ME', 'Hotel', 'antonio47@hotmail.com', '0800 775 6182', 'https://placeimg.com/600/455/any', 'http://www.almeida.com/', 'Acessível', '97493394', 'Castanheira', 'Esplanada Luiz Gustavo Novaes', '484', 58),
('05.832.671/0001-32', 'Castro S/A', 'Hotel', 'rochaemilly@hotmail.com', '+55 21 7473 6606', 'https://www.lorempixel.com/321/71', 'https://pires.br/', 'Acessível', '13456-497', 'Padre Eustáquio', 'Setor Almeida', '42', 114),
('28.605.391/0001-97', 'Lima Aragão - ME', 'Hotel', 'camposlucas-gabriel@yahoo.com.br', '41 2407-1316', 'https://placekitten.com/1002/180', 'https://www.melo.com/', 'Acessível', '01018-997', 'Piratininga', 'Parque Danilo Novaes', '695', 16),
('13.509.862/0001-96', 'Viana', 'Pousada', 'ycastro@uol.com.br', '0500-028-5704', 'https://www.lorempixel.com/245/182', 'https://carvalho.br/', 'Não acessível', '14028-857', 'Paquetá', 'Colônia de da Cruz', '90', 21),
('53.482.910/0001-14', 'Rocha', 'Hostel', 'isabel15@yahoo.com.br', '+55 41 1824-3140', 'https://placekitten.com/558/191', 'https://www.viana.com/', 'Acessível', '63238531', 'Guarani', 'Setor Elisa da Cunha', '70', 58),
('89.065.734/0001-62', 'Martins Caldeira Ltda.', 'Hotel', 'tmoraes@da.br', '+55 84 1775-3672', 'https://placekitten.com/465/98', 'https://www.da.br/', 'Não acessível', '70732-764', 'Alípio De Melo', 'Sítio Ramos', '424', 32),
('60.798.253/0001-84', 'Freitas Campos e Filhos', 'Hostel', 'maria-luiza20@uol.com.br', '(061) 7510-3881', 'https://dummyimage.com/307x787', 'https://araujo.com/', 'Acessível', '17975-850', 'Nova Vista', 'Estação da Mata', '29', 44),
('36.192.854/0001-64', 'Peixoto e Filhos', 'Hostel', 'catarina65@uol.com.br', '(011) 4580-9994', 'https://placekitten.com/283/110', 'http://farias.com/', 'Não acessível', '90015-264', 'Paraíso', 'Via de Peixoto', '99', 14),
('69.720.154/0001-54', 'Almeida Carvalho S.A.', 'Hotel', 'natalia66@araujo.com', '0800 666 8467', 'https://placekitten.com/459/729', 'http://da.com/', 'Não acessível', '45933-148', 'Virgínia', 'Lagoa Davi Lucas Moreira', '9', 58),
('58.127.643/0001-80', 'Viana', 'Pousada', 'nathanfogaca@das.org', '(061) 0669 7336', 'https://dummyimage.com/490x417', 'https://mendes.net/', 'Não acessível', '56268693', 'Jatobá', 'Rua Gabrielly Cavalcanti', '67', 3),
('53.879.601/0001-82', 'Santos Moura - ME', 'Hotel', 'asilveira@ig.com.br', '+55 11 6942 9906', 'https://placeimg.com/659/813/any', 'https://www.lima.br/', 'Acessível', '45982879', 'Vila Sesc', 'Praia de Alves', '24', 86),
('32.596.078/0001-07', 'Farias Ltda.', 'Pousada', 'kevin81@martins.br', '21 9815-3999', 'https://dummyimage.com/929x716', 'https://www.da.br/', 'Acessível', '37406430', 'Vila Madre Gertrudes 4ª Seção', 'Parque de Ribeiro', '37', 36),
('95.103.764/0001-19', 'Freitas', 'Pousada', 'maria-eduarda89@barros.org', '61 0687-4163', 'https://placeimg.com/654/935/any', 'http://lima.net/', 'Não acessível', '98619-844', 'Mangabeiras', 'Jardim Evelyn Correia', '81', 26),
('74.852.931/0001-54', 'Cardoso Rezende S/A', 'Pousada', 'pintoluiz-otavio@bol.com.br', '(071) 3807 0916', 'https://placekitten.com/1008/257', 'http://www.fernandes.com/', 'Acessível', '32675417', 'Jardim Montanhês', 'Fazenda de Farias', '63', 105);



INSERT INTO Quarto (`Numero`, `Andar`, `AceitaAnimal`, `Observacao`, `Preco`, `EnderecoFoto`, `LimitePessoa`, `Hotel_id`) VALUES
('101', 1, 1, 'Quarto espaçoso com vista para o jardim', 250.00, 'https://example.com/room1.jpg', 2, 5),
('102', 1, 0, 'Quarto padrão com cama queen', 180.00, 'https://example.com/room2.jpg', 2, 12),
('201', 2, 1, 'Suíte com varanda', 350.00, 'https://example.com/room3.jpg', 3, 23),
('202', 2, 0, 'Quarto familiar', 280.00, 'https://example.com/room4.jpg', 4, 34),
('103', 1, 1, 'Quarto econômico', 120.00, 'https://example.com/room5.jpg', 1, 7),
('301', 3, 0, 'Suíte premium', 420.00, 'https://example.com/room6.jpg', 2, 56),
('302', 3, 1, 'Quarto com vista para o mar', 380.00, 'https://example.com/room7.jpg', 2, 89),
('203', 2, 0, 'Quarto padrão', 200.00, 'https://example.com/room8.jpg', 2, 45),
('104', 1, 1, 'Quarto para pets', 220.00, 'https://example.com/room9.jpg', 2, 67),
('303', 3, 0, 'Suíte executiva', 400.00, 'https://example.com/room10.jpg', 2, 78),
('105', 1, 0, 'Quarto single', 150.00, 'https://example.com/room11.jpg', 1, 3),
('204', 2, 1, 'Quarto duplo', 230.00, 'https://example.com/room12.jpg', 2, 19),
('304', 3, 0, 'Quarto triplo', 320.00, 'https://example.com/room13.jpg', 3, 28),
('106', 1, 1, 'Quarto com ar condicionado', 190.00, 'https://example.com/room14.jpg', 2, 91),
('205', 2, 0, 'Quarto silencioso', 210.00, 'https://example.com/room15.jpg', 2, 42),
('305', 3, 1, 'Suíte master', 450.00, 'https://example.com/room16.jpg', 2, 63),
('107', 1, 0, 'Quarto básico', 130.00, 'https://example.com/room17.jpg', 1, 74),
('206', 2, 1, 'Quarto com frigobar', 240.00, 'https://example.com/room18.jpg', 2, 85),
('306', 3, 0, 'Quarto com hidromassagem', 500.00, 'https://example.com/room19.jpg', 2, 96),
('108', 1, 1, 'Quarto com TV a cabo', 170.00, 'https://example.com/room20.jpg', 2, 17),
('207', 2, 0, 'Quarto conectado', 260.00, 'https://example.com/room21.jpg', 2, 29),
('307', 3, 1, 'Suíte presidencial', 600.00, 'https://example.com/room22.jpg', 4, 38),
('109', 1, 0, 'Quarto com Wi-Fi rápido', 160.00, 'https://example.com/room23.jpg', 1, 47),
('208', 2, 1, 'Quarto temático', 290.00, 'https://example.com/room24.jpg', 2, 58),
('308', 3, 0, 'Quarto com cofre', 270.00, 'https://example.com/room25.jpg', 2, 69),
('110', 1, 1, 'Quarto com café da manhã incluso', 230.00, 'https://example.com/room26.jpg', 2, 80),
('209', 2, 0, 'Quarto com mesa de trabalho', 220.00, 'https://example.com/room27.jpg', 2, 11),
('309', 3, 1, 'Suíte júnior', 340.00, 'https://example.com/room28.jpg', 2, 22),
('111', 1, 0, 'Quarto com banheira', 280.00, 'https://example.com/room29.jpg', 2, 33),
('210', 2, 1, 'Quarto com varanda', 310.00, 'https://example.com/room30.jpg', 2, 44),
('310', 3, 0, 'Quarto com serviço de quarto', 370.00, 'https://example.com/room31.jpg', 2, 55),
('112', 1, 1, 'Quarto com ar-condicionado', 200.00, 'https://example.com/room32.jpg', 2, 66),
('211', 2, 0, 'Quarto com vista para a piscina', 250.00, 'https://example.com/room33.jpg', 2, 77),
('311', 3, 1, 'Suíte familiar', 420.00, 'https://example.com/room34.jpg', 4, 88),
('113', 1, 0, 'Quarto com escrivaninha', 180.00, 'https://example.com/room35.jpg', 1, 99),
('212', 2, 1, 'Quarto com microondas', 230.00, 'https://example.com/room36.jpg', 2, 10),
('312', 3, 0, 'Quarto com lounge', 350.00, 'https://example.com/room37.jpg', 3, 21),
('114', 1, 1, 'Quarto com estacionamento incluso', 210.00, 'https://example.com/room38.jpg', 2, 32),
('213', 2, 0, 'Quarto com telefone', 190.00, 'https://example.com/room39.jpg', 2, 43),
('313', 3, 1, 'Suíte com sala de estar', 480.00, 'https://example.com/room40.jpg', 3, 54),
('115', 1, 0, 'Quarto com secador de cabelo', 170.00, 'https://example.com/room41.jpg', 2, 65),
('214', 2, 1, 'Quarto com roupa de cama premium', 260.00, 'https://example.com/room42.jpg', 2, 76),
('314', 3, 0, 'Quarto com minibar', 320.00, 'https://example.com/room43.jpg', 2, 87),
('116', 1, 1, 'Quarto com toalhas quentes', 220.00, 'https://example.com/room44.jpg', 2, 98),
('215', 2, 0, 'Quarto com serviço de despertar', 200.00, 'https://example.com/room45.jpg', 1, 9),
('315', 3, 1, 'Suíte com cozinha', 550.00, 'https://example.com/room46.jpg', 4, 20),
('117', 1, 0, 'Quarto com armário espaçoso', 160.00, 'https://example.com/room47.jpg', 1, 31),
('216', 2, 1, 'Quarto com vista para a cidade', 270.00, 'https://example.com/room48.jpg', 2, 42),
('316', 3, 0, 'Quarto com banheiro privativo', 290.00, 'https://example.com/room49.jpg', 2, 53),
('118', 1, 1, 'Quarto com cortinas blackout', 240.00, 'https://example.com/room50.jpg', 2, 64),
('217', 2, 0, 'Quarto com piso aquecido', 330.00, 'https://example.com/room51.jpg', 2, 75),
('317', 3, 1, 'Suíte com área de jantar', 470.00, 'https://example.com/room52.jpg', 3, 86),
('119', 1, 0, 'Quarto com produtos de banho', 190.00, 'https://example.com/room53.jpg', 2, 97),
('218', 2, 1, 'Quarto com ar-condicionado silencioso', 280.00, 'https://example.com/room54.jpg', 2, 8),
('318', 3, 0, 'Quarto com TV de tela plana', 310.00, 'https://example.com/room55.jpg', 2, 19),
('120', 1, 1, 'Quarto com café expresso', 230.00, 'https://example.com/room56.jpg', 2, 30),
('219', 2, 0, 'Quarto com mesa de reunião', 350.00, 'https://example.com/room57.jpg', 3, 41),
('319', 3, 1, 'Suíte com banheira de hidromassagem', 520.00, 'https://example.com/room58.jpg', 2, 52),
('121', 1, 0, 'Quarto com vista para as montanhas', 210.00, 'https://example.com/room59.jpg', 2, 63),
('220', 2, 1, 'Quarto com serviço de concierge', 290.00, 'https://example.com/room60.jpg', 2, 74),
('320', 3, 0, 'Quarto com decoração moderna', 340.00, 'https://example.com/room61.jpg', 2, 85),
('122', 1, 1, 'Quarto com lençóis de algodão egípcio', 260.00, 'https://example.com/room62.jpg', 2, 96),
('221', 2, 0, 'Quarto com controle de temperatura', 230.00, 'https://example.com/room63.jpg', 2, 7),
('321', 3, 1, 'Suíte com varanda privativa', 490.00, 'https://example.com/room64.jpg', 2, 18),
('123', 1, 0, 'Quarto com iluminação regulável', 200.00, 'https://example.com/room65.jpg', 2, 29),
('222', 2, 1, 'Quarto com sistema de som', 310.00, 'https://example.com/room66.jpg', 2, 40),
('322', 3, 0, 'Quarto com escritório', 360.00, 'https://example.com/room67.jpg', 2, 51),
('124', 1, 1, 'Quarto com produtos orgânicos', 240.00, 'https://example.com/room68.jpg', 2, 62),
('223', 2, 0, 'Quarto com vista para o jardim', 270.00, 'https://example.com/room69.jpg', 2, 73),
('323', 3, 1, 'Suíte com lareira', 580.00, 'https://example.com/room70.jpg', 2, 84),
('125', 1, 0, 'Quarto com janelas grandes', 220.00, 'https://example.com/room71.jpg', 2, 95),
('224', 2, 1, 'Quarto com piso de madeira', 300.00, 'https://example.com/room72.jpg', 2, 6),
('324', 3, 0, 'Quarto com sistema de segurança', 330.00, 'https://example.com/room73.jpg', 2, 17),
('126', 1, 1, 'Quarto com serviço de lavanderia', 250.00, 'https://example.com/room74.jpg', 2, 28),
('225', 2, 0, 'Quarto com espelho de aumento', 210.00, 'https://example.com/room75.jpg', 2, 39),
('325', 3, 1, 'Suíte com sala de reuniões', 540.00, 'https://example.com/room76.jpg', 4, 50),
('127', 1, 0, 'Quarto com frigobar abastecido', 280.00, 'https://example.com/room77.jpg', 2, 61),
('226', 2, 1, 'Quarto com roupão e chinelos', 320.00, 'https://example.com/room78.jpg', 2, 72),
('326', 3, 0, 'Quarto com vista panorâmica', 390.00, 'https://example.com/room79.jpg', 2, 83),
('128', 1, 1, 'Quarto com decoração temática', 230.00, 'https://example.com/room80.jpg', 2, 94),
('227', 2, 0, 'Quarto com isolamento acústico', 260.00, 'https://example.com/room81.jpg', 2, 5),
('327', 3, 1, 'Suíte com dois quartos', 600.00, 'https://example.com/room82.jpg', 4, 16),
('129', 1, 0, 'Quarto com máquina de café', 190.00, 'https://example.com/room83.jpg', 2, 27),
('228', 2, 1, 'Quarto com sistema de entretenimento', 340.00, 'https://example.com/room84.jpg', 2, 38),
('328', 3, 0, 'Quarto com closet', 370.00, 'https://example.com/room85.jpg', 2, 49),
('130', 1, 1, 'Quarto com produtos de higiene pessoal', 210.00, 'https://example.com/room86.jpg', 2, 60),
('229', 2, 0, 'Quarto com mesa de cabeceira', 230.00, 'https://example.com/room87.jpg', 2, 71),
('329', 3, 1, 'Suíte com terraço', 510.00, 'https://example.com/room88.jpg', 2, 82),
('131', 1, 0, 'Quarto com ventilador de teto', 170.00, 'https://example.com/room89.jpg', 2, 93),
('230', 2, 1, 'Quarto com poltronas confortáveis', 290.00, 'https://example.com/room90.jpg', 2, 4),
('330', 3, 0, 'Quarto com sistema de iluminação inteligente', 410.00, 'https://example.com/room91.jpg', 2, 15),
('132', 1, 1, 'Quarto com vista para o pôr do sol', 270.00, 'https://example.com/room92.jpg', 2, 26),
('231', 2, 0, 'Quarto com cortinas eletrônicas', 310.00, 'https://example.com/room93.jpg', 2, 37),
('331', 3, 1, 'Suíte com área de trabalho', 460.00, 'https://example.com/room94.jpg', 2, 48),
('133', 1, 0, 'Quarto com tapete antialérgico', 220.00, 'https://example.com/room95.jpg', 2, 59),
('232', 2, 1, 'Quarto com espelho iluminado', 250.00, 'https://example.com/room96.jpg', 2, 70),
('332', 3, 0, 'Quarto com banheiro inteligente', 430.00, 'https://example.com/room97.jpg', 2, 81),
('134', 1, 1, 'Quarto com vista para o lago', 300.00, 'https://example.com/room98.jpg', 2, 92),
('233', 2, 0, 'Quarto com piso frio', 240.00, 'https://example.com/room99.jpg', 2, 3),
('333', 3, 1, 'Suíte com jacuzzi', 650.00, 'https://example.com/room100.jpg', 2, 14);



INSERT INTO Cama_Quarto (`Quantidade`, `TipoCama`, `Quarto_id`) VALUES
(1, 'Solteiro', 1),
(1, 'Casal', 1),
(1, 'Beliche', 1),
(2, 'Solteiro', 2),
(1, 'Futon', 2),
(1, 'Casal', 3),
(2, 'Beliche', 3),
(1, 'Solteiro', 4),
(1, 'Futon', 4),
(2, 'Casal', 5),
(1, 'Solteiro', 6),
(1, 'Beliche', 6),
(1, 'Futon', 7),
(1, 'Casal', 7),
(2, 'Solteiro', 8),
(1, 'Beliche', 9),
(1, 'Futon', 9),
(1, 'Solteiro', 10),
(1, 'Casal', 10),
(2, 'Beliche', 11),
(1, 'Futon', 11),
(1, 'Solteiro', 12),
(1, 'Casal', 12),
(1, 'Beliche', 13),
(1, 'Futon', 13),
(2, 'Solteiro', 14),
(1, 'Casal', 15),
(1, 'Beliche', 15),
(1, 'Futon', 16),
(1, 'Solteiro', 16),
(2, 'Casal', 17),
(1, 'Beliche', 18),
(1, 'Futon', 18),
(1, 'Solteiro', 19),
(1, 'Casal', 19),
(2, 'Beliche', 20),
(1, 'Futon', 21),
(1, 'Solteiro', 21),
(1, 'Casal', 22),
(1, 'Beliche', 22),
(2, 'Futon', 23),
(1, 'Solteiro', 24),
(1, 'Casal', 24),
(1, 'Beliche', 25),
(1, 'Futon', 25),
(2, 'Solteiro', 26),
(1, 'Casal', 27),
(1, 'Beliche', 27),
(1, 'Futon', 28),
(1, 'Solteiro', 28),
(2, 'Casal', 29),
(1, 'Beliche', 30),
(1, 'Futon', 30),
(1, 'Solteiro', 31),
(1, 'Casal', 31),
(2, 'Beliche', 32),
(1, 'Futon', 33),
(1, 'Solteiro', 33),
(1, 'Casal', 34),
(1, 'Beliche', 34),
(2, 'Futon', 35),
(1, 'Solteiro', 36),
(1, 'Casal', 36),
(1, 'Beliche', 37),
(1, 'Futon', 37),
(2, 'Solteiro', 38),
(1, 'Casal', 39),
(1, 'Beliche', 39),
(1, 'Futon', 40),
(1, 'Solteiro', 40),
(2, 'Casal', 41),
(1, 'Beliche', 42),
(1, 'Futon', 42),
(1, 'Solteiro', 43),
(1, 'Casal', 43),
(2, 'Beliche', 44),
(1, 'Futon', 45),
(1, 'Solteiro', 45),
(1, 'Casal', 46),
(1, 'Beliche', 46),
(2, 'Futon', 47),
(1, 'Solteiro', 48),
(1, 'Casal', 48),
(1, 'Beliche', 49),
(1, 'Futon', 49),
(2, 'Solteiro', 50),
(1, 'Casal', 51),
(1, 'Beliche', 51),
(1, 'Futon', 52),
(1, 'Solteiro', 52),
(2, 'Casal', 53),
(1, 'Beliche', 54),
(1, 'Futon', 54),
(1, 'Solteiro', 55),
(1, 'Casal', 55),
(2, 'Beliche', 56),
(1, 'Futon', 57),
(1, 'Solteiro', 57),
(1, 'Casal', 58),
(1, 'Beliche', 58),
(2, 'Futon', 59),
(1, 'Solteiro', 60),
(1, 'Casal', 60),
(1, 'Beliche', 61),
(1, 'Futon', 61),
(2, 'Solteiro', 62),
(1, 'Casal', 63),
(1, 'Beliche', 63),
(1, 'Futon', 64),
(1, 'Solteiro', 64),
(2, 'Casal', 65),
(1, 'Beliche', 66),
(1, 'Futon', 66),
(1, 'Solteiro', 67),
(1, 'Casal', 67),
(2, 'Beliche', 68),
(1, 'Futon', 69),
(1, 'Solteiro', 69),
(1, 'Casal', 70),
(1, 'Beliche', 70),
(2, 'Futon', 71),
(1, 'Solteiro', 72),
(1, 'Casal', 72),
(1, 'Beliche', 73),
(1, 'Futon', 73),
(2, 'Solteiro', 74),
(1, 'Casal', 75),
(1, 'Beliche', 75),
(1, 'Futon', 76),
(1, 'Solteiro', 76),
(2, 'Casal', 77),
(1, 'Beliche', 78),
(1, 'Futon', 78),
(1, 'Solteiro', 79),
(1, 'Casal', 79),
(2, 'Beliche', 80),
(1, 'Futon', 81),
(1, 'Solteiro', 81),
(1, 'Casal', 82),
(1, 'Beliche', 82),
(2, 'Futon', 83),
(1, 'Solteiro', 84),
(1, 'Casal', 84),
(1, 'Beliche', 85),
(1, 'Futon', 85),
(2, 'Solteiro', 86),
(1, 'Casal', 87),
(1, 'Beliche', 87),
(1, 'Futon', 88),
(1, 'Solteiro', 88),
(2, 'Casal', 89),
(1, 'Beliche', 90),
(1, 'Futon', 90),
(1, 'Solteiro', 91),
(1, 'Casal', 91),
(2, 'Beliche', 92),
(1, 'Futon', 93),
(1, 'Solteiro', 93),
(1, 'Casal', 94),
(1, 'Beliche', 94),
(2, 'Futon', 95),
(1, 'Solteiro', 96),
(1, 'Casal', 96),
(1, 'Beliche', 97),
(1, 'Futon', 97),
(2, 'Solteiro', 98),
(1, 'Casal', 99),
(1, 'Beliche', 99),
(1, 'Futon', 100),
(1, 'Solteiro', 100),
(1, 'Casal', 100),
(1, 'Beliche', 100);



INSERT INTO OrdemServico (`DataCriacao`, `StatusOS`, `Pessoa_id`) VALUES
('2023-01-01 08:00:00', 'Concluído', 1),
('2023-01-02 09:15:00', 'Em andamento', 2),
('2023-01-03 10:30:00', 'Cancelado', 3),
('2023-01-04 11:45:00', 'Concluído', 4),
('2023-01-05 12:00:00', 'Em andamento', 5),
('2023-01-06 13:20:00', 'Concluído', 6),
('2023-01-07 14:35:00', 'Cancelado', 7),
('2023-01-08 15:50:00', 'Concluído', 8),
('2023-01-09 16:05:00', 'Em andamento', 9),
('2023-01-10 17:25:00', 'Concluído', 10),
('2023-01-11 18:40:00', 'Cancelado', 11),
('2023-01-12 19:55:00', 'Concluído', 12),
('2023-01-13 20:10:00', 'Em andamento', 13),
('2023-01-14 21:30:00', 'Concluído', 14),
('2023-01-15 22:45:00', 'Cancelado', 15),
('2023-01-16 23:00:00', 'Concluído', 16),
('2023-01-17 08:15:00', 'Em andamento', 17),
('2023-01-18 09:35:00', 'Concluído', 18),
('2023-01-19 10:50:00', 'Cancelado', 19),
('2023-01-20 12:05:00', 'Concluído', 20),
('2023-01-21 13:20:00', 'Em andamento', 21),
('2023-01-22 14:40:00', 'Concluído', 22),
('2023-01-23 15:55:00', 'Cancelado', 23),
('2023-01-24 17:10:00', 'Concluído', 24),
('2023-01-25 18:30:00', 'Em andamento', 25),
('2023-01-26 19:45:00', 'Concluído', 26),
('2023-01-27 21:00:00', 'Cancelado', 27),
('2023-01-28 22:15:00', 'Concluído', 28),
('2023-01-29 23:35:00', 'Em andamento', 29),
('2023-01-30 08:50:00', 'Concluído', 30),
('2023-01-31 10:05:00', 'Cancelado', 31),
('2023-02-01 11:20:00', 'Concluído', 32),
('2023-02-02 12:40:00', 'Em andamento', 33),
('2023-02-03 13:55:00', 'Concluído', 34),
('2023-02-04 15:10:00', 'Cancelado', 35),
('2023-02-05 16:30:00', 'Concluído', 36),
('2023-02-06 17:45:00', 'Em andamento', 37),
('2023-02-07 19:00:00', 'Concluído', 38),
('2023-02-08 20:15:00', 'Cancelado', 39),
('2023-02-09 21:35:00', 'Concluído', 40),
('2023-02-10 22:50:00', 'Em andamento', 41),
('2023-02-11 08:05:00', 'Concluído', 42),
('2023-02-12 09:20:00', 'Cancelado', 43),
('2023-02-13 10:40:00', 'Concluído', 44),
('2023-02-14 11:55:00', 'Em andamento', 45),
('2023-02-15 13:10:00', 'Concluído', 46),
('2023-02-16 14:30:00', 'Cancelado', 47),
('2023-02-17 15:45:00', 'Concluído', 48),
('2023-02-18 17:00:00', 'Em andamento', 49),
('2023-02-19 18:15:00', 'Concluído', 50),
('2023-02-20 19:35:00', 'Cancelado', 51),
('2023-02-21 20:50:00', 'Concluído', 52),
('2023-02-22 22:05:00', 'Em andamento', 53),
('2023-02-23 23:20:00', 'Concluído', 54),
('2023-02-24 08:40:00', 'Cancelado', 55),
('2023-02-25 09:55:00', 'Concluído', 56),
('2023-02-26 11:10:00', 'Em andamento', 57),
('2023-02-27 12:25:00', 'Concluído', 58),
('2023-02-28 13:45:00', 'Cancelado', 59),
('2024-03-05 15:30:00', 'Concluído', 59),
('2023-03-01 15:00:00', 'Concluído', 60),
('2023-03-02 16:15:00', 'Em andamento', 61),
('2023-03-03 17:35:00', 'Concluído', 62),
('2023-03-04 18:50:00', 'Cancelado', 63),
('2023-03-05 20:05:00', 'Concluído', 64),
('2023-03-06 21:20:00', 'Em andamento', 65),
('2023-03-07 22:40:00', 'Concluído', 66),
('2023-03-08 23:55:00', 'Cancelado', 67),
('2023-03-09 08:10:00', 'Concluído', 68),
('2023-03-10 09:25:00', 'Em andamento', 69),
('2023-03-11 10:45:00', 'Concluído', 70),
('2023-03-12 12:00:00', 'Cancelado', 71),
('2023-03-13 13:15:00', 'Concluído', 72),
('2023-03-14 14:35:00', 'Em andamento', 73),
('2023-03-15 15:50:00', 'Concluído', 74),
('2023-03-16 17:05:00', 'Cancelado', 75),
('2023-03-17 18:20:00', 'Concluído', 76),
('2023-03-18 19:40:00', 'Em andamento', 77),
('2023-03-19 20:55:00', 'Concluído', 78),
('2023-03-20 22:10:00', 'Cancelado', 79),
('2023-03-21 23:25:00', 'Concluído', 80),
('2023-03-22 08:45:00', 'Em andamento', 81),
('2023-03-23 10:00:00', 'Concluído', 82),
('2023-03-24 11:15:00', 'Cancelado', 83),
('2023-03-25 12:30:00', 'Concluído', 84),
('2023-03-26 13:50:00', 'Em andamento', 85),
('2023-03-27 15:05:00', 'Concluído', 86),
('2023-03-28 16:20:00', 'Cancelado', 87),
('2023-03-29 17:40:00', 'Concluído', 88),
('2023-03-30 18:55:00', 'Em andamento', 89),
('2023-03-31 20:10:00', 'Concluído', 90),
('2023-04-01 21:25:00', 'Cancelado', 91),
('2023-04-02 22:45:00', 'Concluído', 92),
('2023-04-03 23:00:00', 'Em andamento', 93),
('2023-04-04 08:15:00', 'Concluído', 94),
('2023-04-05 09:35:00', 'Cancelado', 95),
('2023-04-06 10:50:00', 'Concluído', 96),
('2023-04-07 12:05:00', 'Em andamento', 97),
('2023-04-08 13:20:00', 'Concluído', 98),
('2023-04-09 14:40:00', 'Cancelado', 99),
('2023-04-10 15:55:00', 'Concluído', 100);

INSERT INTO OrdemServico_Hotel (StatusOS, Preco, Observacao, QuantAcompanhante, DataInicio, DataFim, Quarto_id, OrdemServico_id) VALUES
('Concluído', 350.00, 'Limpeza completa do quarto', 1, '2023-01-05 09:00:00', '2023-01-05 12:00:00', 1, 1),
('Em andamento', 420.50, 'Manutenção elétrica', 0, '2023-01-07 11:00:00', '2023-01-07 15:00:00', 2, 2),
('Cancelado', 280.00, 'Cliente desistiu', 2, '2023-01-10 15:00:00', '2023-01-10 18:00:00', 3, 3),
('Concluído', 195.75, 'Troca de cortinas', 1, '2023-01-12 10:30:00', '2023-01-12 12:30:00', 4, 4),
('Em andamento', 530.00, 'Pintura do quarto', 0, '2023-01-15 14:00:00', '2023-01-15 18:00:00', 5, 5),
('Concluído', 275.00, 'Reparo no banheiro', 1, '2023-01-18 17:00:00', '2023-01-18 19:00:00', 6, 6),
('Cancelado', 320.00, 'Data indisponível', 0, '2023-01-20 12:00:00', '2023-01-20 15:00:00', 7, 7),
('Concluído', 410.00, 'Instalação de TV nova', 2, '2023-01-23 09:30:00', '2023-01-23 12:30:00', 8, 8),
('Em andamento', 180.00, 'Limpeza de carpete', 0, '2023-01-25 15:30:00', '2023-01-25 17:30:00', 9, 9),
('Concluído', 295.00, 'Troca de fechadura', 1, '2023-01-28 11:00:00', '2023-01-28 13:00:00', 10, 10),
('Cancelado', 210.00, 'Quarto ocupado', 0, '2023-02-01 14:00:00', '2023-02-01 16:00:00', 11, 11),
('Concluído', 480.00, 'Reforma completa', 2, '2023-02-03 10:30:00', '2023-02-03 15:30:00', 12, 12),
('Em andamento', 230.00, 'Reparo no ar-condicionado', 1, '2023-02-06 17:00:00', '2023-02-06 19:00:00', 13, 13),
('Concluído', 310.00, 'Troca de colchão', 0, '2023-02-08 12:30:00', '2023-02-08 14:30:00', 14, 14),
('Cancelado', 175.00, 'Cliente não compareceu', 1, '2023-02-10 15:30:00', '2023-02-10 17:30:00', 15, 15),
('Concluído', 290.00, 'Instalação de cortina blackout', 2, '2023-02-13 09:00:00', '2023-02-13 12:00:00', 16, 16),
('Em andamento', 210.00, 'Manutenção hidráulica', 0, '2023-02-15 13:30:00', '2023-02-15 16:30:00', 17, 17),
('Concluído', 380.00, 'Troca de piso', 1, '2023-02-17 10:30:00', '2023-02-17 14:30:00', 18, 18),
('Cancelado', 260.00, 'Problema com fornecedor', 0, '2023-02-20 16:00:00', '2023-02-20 18:00:00', 19, 19),
('Concluído', 195.00, 'Limpeza pós-obra', 2, '2023-02-22 11:00:00', '2023-02-22 13:00:00', 20, 20),
('Em andamento', 330.00, 'Instalação de espelho', 1, '2023-02-24 14:30:00', '2023-02-24 17:30:00', 21, 21),
('Concluído', 240.00, 'Reparo na porta', 0, '2023-02-27 09:30:00', '2023-02-27 11:30:00', 22, 22),
('Cancelado', 290.00, 'Mudança de prioridade', 1, '2023-03-01 13:00:00', '2023-03-01 15:00:00', 23, 23),
('Concluído', 410.00, 'Atualização de mobília', 2, '2023-03-03 10:00:00', '2023-03-03 14:00:00', 24, 24),
('Em andamento', 170.00, 'Limpeza de tapete', 0, '2023-03-06 15:30:00', '2023-03-06 17:30:00', 25, 25),
('Concluído', 360.00, 'Troca de janela', 1, '2023-03-08 12:30:00', '2023-03-08 15:30:00', 26, 26),
('Cancelado', 225.00, 'Falta de material', 0, '2023-03-10 17:00:00', '2023-03-10 19:00:00', 27, 27),
('Concluído', 280.00, 'Instalação de prateleiras', 2, '2023-03-13 10:00:00', '2023-03-13 13:00:00', 28, 28),
('Em andamento', 190.00, 'Reparo na cama', 1, '2023-03-15 14:30:00', '2023-03-15 16:30:00', 29, 29),
('Concluído', 320.00, 'Pintura de parede', 0, '2023-03-17 09:30:00', '2023-03-17 12:30:00', 30, 30),
('Cancelado', 270.00, 'Cliente adiou', 1, '2023-03-20 13:00:00', '2023-03-20 15:00:00', 31, 31),
('Concluído', 390.00, 'Reforma de banheiro', 2, '2023-03-22 10:00:00', '2023-03-22 14:00:00', 32, 32),
('Em andamento', 220.00, 'Troca de lâmpadas', 0, '2023-03-24 15:30:00', '2023-03-24 17:30:00', 33, 33),
('Concluído', 310.00, 'Instalação de armário', 1, '2023-03-27 12:30:00', '2023-03-27 15:30:00', 34, 34),
('Cancelado', 185.00, 'Problema técnico', 0, '2023-03-29 17:00:00', '2023-03-29 19:00:00', 35, 35),
('Concluído', 350.00, 'Troca de tapete', 2, '2023-04-01 10:00:00', '2023-04-01 13:00:00', 36, 36),
('Concluído', 350.00, 'Visita', 2, '2023-04-01 10:00:00', '2023-04-10 13:00:00', 36, 36),
('Concluído', 350.00, 'Estadia', 2, '2023-02-05 13:00:00', '2023-07-02 16:00:00', 36, 36),
('Em andamento', 200.00, 'Limpeza de estofados', 1, '2023-04-03 14:30:00', '2023-04-03 16:30:00', 37, 37),
('Concluído', 275.00, 'Reparo no frigobar', 0, '2023-04-05 09:30:00', '2023-04-05 12:30:00', 38, 38),
('Cancelado', 330.00, 'Quarto reservado', 1, '2023-04-07 13:00:00', '2023-04-07 15:00:00', 39, 39),
('Concluído', 420.00, 'Atualização tecnológica', 2, '2023-04-10 10:00:00', '2023-04-10 14:00:00', 40, 40),
('Em andamento', 240.00, 'Manutenção preventiva', 0, '2023-04-12 15:30:00', '2023-04-12 17:30:00', 41, 41),
('Concluído', 290.00, 'Troca de travesseiros', 1, '2023-04-15 12:30:00', '2023-04-15 15:30:00', 42, 42),
('Cancelado', 210.00, 'Cliente cancelou', 0, '2023-04-17 17:00:00', '2023-04-17 19:00:00', 43, 43),
('Concluído', 370.00, 'Instalação de cortina', 2, '2023-04-20 10:00:00', '2023-04-20 14:00:00', 44, 44),
('Em andamento', 180.00, 'Limpeza pós-festa', 1, '2023-04-22 14:30:00', '2023-04-22 16:30:00', 45, 45),
('Concluído', 310.00, 'Reparo no chuveiro', 0, '2023-04-25 09:30:00', '2023-04-25 12:30:00', 46, 46),
('Cancelado', 260.00, 'Falta de pessoal', 1, '2023-04-27 13:00:00', '2023-04-27 15:00:00', 47, 47),
('Concluído', 400.00, 'Troca de mobília', 2, '2023-04-30 10:00:00', '2023-04-30 14:00:00', 48, 48),
('Em andamento', 230.00, 'Manutenção de ar-condicionado', 0, '2023-05-02 15:30:00', '2023-05-02 17:30:00', 49, 49),
('Concluído', 280.00, 'Instalação de quadros', 1, '2023-05-05 12:30:00', '2023-05-05 15:30:00', 50, 50),
('Cancelado', 195.00, 'Problema no sistema', 0, '2023-05-08 17:00:00', '2023-05-08 19:00:00', 51, 51),
('Concluído', 340.00, 'Reforma de varanda', 2, '2023-05-10 10:00:00', '2023-05-10 14:00:00', 52, 52),
('Em andamento', 210.00, 'Limpeza especial', 1, '2023-05-12 14:30:00', '2023-05-12 16:30:00', 53, 53),
('Concluído', 290.00, 'Troca de persianas', 0, '2023-05-15 09:30:00', '2023-05-15 12:30:00', 54, 54),
('Cancelado', 380.00, 'Mudança de planejamento', 1, '2023-05-17 13:00:00', '2023-05-17 15:00:00', 55, 55),
('Concluído', 250.00, 'Reparo na fechadura', 2, '2023-05-20 10:00:00', '2023-05-20 13:00:00', 56, 56),
('Em andamento', 170.00, 'Limpeza pós-construção', 0, '2023-05-22 15:30:00', '2023-05-22 17:30:00', 57, 57),
('Concluído', 320.00, 'Instalação de tomadas', 1, '2023-05-25 12:30:00', '2023-05-25 15:30:00', 58, 58),
('Cancelado', 270.00, 'Cliente não confirmou', 0, '2023-05-27 17:00:00', '2023-05-27 19:00:00', 59, 59),
('Concluído ', 459.00, 'Estadia', 1, '2023-06-04 17:00:00', '2023-05-27 19:00:00', 45, 59),
('Concluído', 410.00, 'Atualização de decoração', 2, '2023-05-30 10:00:00', '2023-05-30 14:00:00', 60, 60),
('Em andamento', 220.00, 'Manutenção de TV', 1, '2023-06-01 14:30:00', '2023-06-01 16:30:00', 61, 61),
('Concluído', 300.00, 'Troca de colchão', 0, '2023-06-03 09:30:00', '2023-06-03 12:30:00', 62, 62),
('Cancelado', 190.00, 'Problema com agenda', 1, '2023-06-06 13:00:00', '2023-06-06 15:00:00', 63, 63),
('Concluído', 360.00, 'Reforma de closet', 2, '2023-06-08 10:00:00', '2023-06-08 14:00:00', 64, 64),
('Em andamento', 240.00, 'Limpeza profunda', 0, '2023-06-10 15:30:00', '2023-06-10 17:30:00', 65, 65),
('Concluído', 280.00, 'Reparo na janela', 1, '2023-06-13 12:30:00', '2023-06-13 15:30:00', 66, 66),
('Cancelado', 350.00, 'Falta de peças', 0, '2023-06-15 17:00:00', '2023-06-15 19:00:00', 67, 67),
('Concluído', 200.00, 'Troca de toalhas', 2, '2023-06-18 10:00:00', '2023-06-18 13:00:00', 68, 68),
('Em andamento', 330.00, 'Instalação de espelho', 1, '2023-06-20 14:30:00', '2023-06-20 17:30:00', 69, 69),
('Concluído', 270.00, 'Reparo no piso', 0, '2023-06-22 09:30:00', '2023-06-22 12:30:00', 70, 70),
('Cancelado', 185.00, 'Cliente adiou', 1, '2023-06-25 13:00:00', '2023-06-25 15:00:00', 71, 71),
('Concluído', 390.00, 'Atualização de banheiro', 2, '2023-06-27 10:00:00', '2023-06-27 14:00:00', 72, 72),
('Em andamento', 210.00, 'Limpeza pós-evento', 0, '2023-06-29 15:30:00', '2023-06-29 17:30:00', 73, 73),
('Concluído', 310.00, 'Troca de luminárias', 1, '2023-07-02 12:30:00', '2023-07-02 15:30:00', 74, 74),
('Cancelado', 260.00, 'Problema técnico', 0, '2023-07-04 17:00:00', '2023-07-04 19:00:00', 75, 75),
('Concluído', 430.00, 'Reforma completa', 2, '2023-07-07 10:00:00', '2023-07-07 14:00:00', 76, 76),
('Em andamento', 180.00, 'Manutenção de ar-condicionado', 1, '2023-07-09 14:30:00', '2023-07-09 16:30:00', 77, 77),
('Concluído', 290.00, 'Instalação de prateleiras', 0, '2023-07-12 09:30:00', '2023-07-12 12:30:00', 78, 78),
('Cancelado', 220.00, 'Cliente desistiu', 1, '2023-07-14 13:00:00', '2023-07-14 15:00:00', 79, 79),
('Concluído', 370.00, 'Troca de cortinas', 2, '2023-07-17 10:00:00', '2023-07-17 14:00:00', 80, 80),
('Em andamento', 200.00, 'Limpeza geral', 0, '2023-07-19 15:30:00', '2023-07-19 17:30:00', 81, 81),
('Concluído', 320.00, 'Reparo na porta', 1, '2023-07-22 12:30:00', '2023-07-22 15:30:00', 82, 82),
('Cancelado', 280.00, 'Problema com fornecedor', 0, '2023-07-24 17:00:00', '2023-07-24 19:00:00', 83, 83),
('Concluído', 420.00, 'Atualização tecnológica', 2, '2023-07-27 10:00:00', '2023-07-27 14:00:00', 84, 84),
('Em andamento', 230.00, 'Manutenção hidráulica', 1, '2023-07-29 14:30:00', '2023-07-29 16:30:00', 85, 85),
('Concluído', 300.00, 'Troca de colchão', 0, '2023-08-01 09:30:00', '2023-08-01 12:30:00', 86, 86),
('Cancelado', 190.00, 'Falta de material', 1, '2023-08-03 13:00:00', '2023-08-03 15:00:00', 87, 87),
('Concluído', 350.00, 'Reforma de varanda', 2, '2023-08-06 10:00:00', '2023-08-06 14:00:00', 88, 88),
('Em andamento', 210.00, 'Limpeza pós-obra', 0, '2023-08-08 15:30:00', '2023-08-08 17:30:00', 89, 89),
('Concluído', 290.00, 'Instalação de cortina', 1, '2023-08-11 12:30:00', '2023-08-11 15:30:00', 90, 90),
('Cancelado', 240.00, 'Cliente cancelou', 0, '2023-08-13 17:00:00', '2023-08-13 19:00:00', 91, 91),
('Concluído', 400.00, 'Troca de mobília', 2, '2023-08-16 10:00:00', '2023-08-16 14:00:00', 92, 92),
('Em andamento', 220.00, 'Manutenção de TV', 1, '2023-08-18 14:30:00', '2023-08-18 16:30:00', 93, 93),
('Concluído', 310.00, 'Troca de persianas', 0, '2023-08-21 09:30:00', '2023-08-21 12:30:00', 94, 94),
('Cancelado', 260.00, 'Problema técnico', 1, '2023-08-23 13:00:00', '2023-08-23 15:00:00', 95, 95),
('Concluído', 380.00, 'Atualização de mobília', 2, '2023-08-26 10:00:00', '2023-08-26 14:00:00', 96, 96),
('Em andamento', 230.00, 'Manutenção elétrica', 0, '2023-08-28 15:30:00', '2023-08-28 17:30:00', 97, 97),
('Concluído', 270.00, 'Reparo na janela', 1, '2023-08-31 12:30:00', '2023-08-31 15:30:00', 98, 98),
('Cancelado', 320.00, 'Cliente desistiu', 0, '2023-09-02 17:00:00', '2023-09-02 19:00:00', 99, 99),
('Concluído', 410.00, 'Reforma completa', 2, '2023-09-05 10:00:00', '2023-09-05 14:00:00', 100, 100);

INSERT INTO Especialidade (`Nome`) VALUES 
('Psicólogo'),
('Faxineiro'),
('Cuidador'),
('Enfermeiro'),
('Fisioterapeuta'),
('Nutricionista'),
('Terapeuta Ocupacional');


INSERT INTO PrestadorServico (`PrecoHora`, `Observacao`, `CNPJ`, `Especialidade_id`, `Pessoa_id`) VALUES
(178.96, 'Consultoria em nutrição hospitalar.', '75.958.698/6914-92', 7, 10),
(196.63, 'Especialista em atendimentos domiciliares.', '51.988.833/6392-41', 7, 50),
(180.06, 'Faxinas especializadas.', '73.182.140/9136-23', 2, 46),
(77.67, 'Atuação em UTIs.', '55.108.445/8068-99', 2, 59),
(102.58, 'Psicoterapia para familiares.', '91.221.713/5401-99', 5, 79),
(110.09, 'Auxílio em atividades diárias.', '77.631.544/7489-72', 2, 19),
(125.18, 'Especialista em atendimentos domiciliares.', '91.348.832/3752-16', 5, 76),
(112.2, 'Psicoterapia para familiares.', '82.422.183/9548-83', 2, 33),
(107.29, 'Atendimento 24h para idosos.', '13.791.221/3170-76', 5, 44),
(104.05, 'Especialista em atendimentos domiciliares.', '34.436.326/5850-23', 2, 58),
(50.44, 'Atendimento 24h para idosos.', '11.230.911/2907-49', 7, 43),
(150.89, 'Consultoria em nutrição hospitalar.', '38.307.974/2282-38', 2, 70),
(174.89, 'Atuação em UTIs.', '27.284.452/2129-26', 6, 41),
(137.41, 'Consultoria em nutrição hospitalar.', '68.892.848/5918-83', 5, 14),
(191.99, 'Cuidados paliativos.', '48.922.518/5005-99', 1, 20),
(76.01, 'Cuidados paliativos.', '49.795.855/8293-89', 3, 4),
(188.83, 'Atendimento 24h para idosos.', '84.699.651/6902-78', 6, 53),
(79.62, 'Faxinas especializadas.', '43.798.605/1940-58', 1, 55),
(67.55, 'Consultoria em nutrição hospitalar.', '46.646.337/6678-32', 2, 35),
(101.19, 'Consultoria em nutrição hospitalar.', '77.794.859/7308-17', 3, 19),
(98.99, 'Atuação em UTIs.', '58.546.924/2563-17', 4, 69),
(66.13, 'Atendimento 24h para idosos.', '22.633.390/7455-84', 4, 29),
(73.7, 'Faxinas especializadas.', '77.111.313/7709-19', 6, 73),
(85.08, 'Psicoterapia para familiares.', '90.424.626/8952-46', 6, 28),
(119.23, 'Auxílio em atividades diárias.', '37.973.349/2357-71', 6, 10),
(80.76, 'Atuação em UTIs.', '50.680.858/9576-77', 1, 1),
(114.96, 'Especialista em atendimentos domiciliares.', '53.983.599/7842-38', 7, 54),
(55.27, 'Especialista em atendimentos domiciliares.', '41.100.808/5531-70', 7, 66),
(58.74, 'Faxinas especializadas.', '74.429.862/3411-79', 1, 34),
(95.98, 'Atendimento 24h para idosos.', '92.513.413/3224-66', 5, 31),
(61.74, 'Especialista em atendimentos domiciliares.', '69.278.819/6691-69', 6, 6),
(150.53, 'Psicoterapia para familiares.', '72.466.407/1160-30', 5, 77),
(68.08, 'Atuação em UTIs.', '98.973.451/5230-89', 5, 72),
(130.32, 'Atendimento 24h para idosos.', '32.571.726/9175-33', 3, 99),
(126.64, 'Reabilitação física domiciliar.', '36.354.381/8762-31', 7, 43),
(168.15, 'Especialista em atendimentos domiciliares.', '71.505.300/5575-41', 3, 28),
(167.46, 'Faxinas especializadas.', '86.417.191/3412-34', 2, 24),
(78.81, 'Consultoria em nutrição hospitalar.', '86.967.288/2700-44', 6, 7),
(93.3, 'Experiente em limpezas hospitalares.', '58.792.846/5717-43', 2, 43),
(149.26, 'Faxinas especializadas.', '61.874.190/2102-81', 7, 12),
(198.69, 'Consultoria em nutrição hospitalar.', '70.327.102/6416-33', 5, 53),
(51.57, 'Reabilitação física domiciliar.', '52.923.594/3308-87', 2, 88),
(102.02, 'Reabilitação física domiciliar.', '93.776.105/7381-65', 1, 50),
(61.04, 'Atendimento 24h para idosos.', '93.997.335/3699-13', 6, 32),
(176.31, 'Atuação em UTIs.', '22.458.281/5770-67', 7, 67),
(189.53, 'Experiente em limpezas hospitalares.', '44.190.981/8481-36', 1, 29),
(114.69, 'Atendimento 24h para idosos.', '87.862.821/5199-71', 3, 23),
(73.47, 'Experiente em limpezas hospitalares.', '60.725.205/4559-23', 5, 37),
(105.36, 'Faxinas especializadas.', '33.704.981/8569-48', 6, 16),
(198.8, 'Psicoterapia para familiares.', '74.385.419/9222-12', 3, 74),
(101.88, 'Psicoterapia para familiares.', '57.953.979/6127-18', 5, 32),
(161.11, 'Atendimento 24h para idosos.', '96.514.674/8107-87', 7, 10),
(101.74, 'Auxílio em atividades diárias.', '79.972.399/2277-61', 1, 73),
(166.76, 'Especialista em atendimentos domiciliares.', '93.563.624/2455-39', 3, 17),
(100.73, 'Especialista em atendimentos domiciliares.', '72.758.599/6271-72', 5, 93),
(191.24, 'Faxinas especializadas.', '84.356.716/8578-18', 1, 49),
(190.73, 'Psicoterapia para familiares.', '63.447.331/2888-85', 1, 47),
(179.97, 'Experiente em limpezas hospitalares.', '75.245.673/6152-73', 1, 57),
(144.48, 'Auxílio em atividades diárias.', '69.171.551/4447-89', 5, 32),
(96.2, 'Experiente em limpezas hospitalares.', '17.956.846/1169-95', 6, 37),
(173.31, 'Experiente em limpezas hospitalares.', '85.600.925/5144-66', 6, 97),
(191.39, 'Atendimento 24h para idosos.', '53.499.222/4941-10', 3, 23),
(103.76, 'Atuação em UTIs.', '73.264.322/1526-12', 5, 52),
(85.65, 'Experiente em limpezas hospitalares.', '49.107.758/6044-46', 5, 76),
(179.42, 'Atendimento 24h para idosos.', '96.855.275/8940-45', 2, 11),
(184.12, 'Atendimento 24h para idosos.', '22.648.727/9480-61', 3, 13),
(195.51, 'Especialista em atendimentos domiciliares.', '24.833.891/1889-94', 6, 78),
(160.23, 'Cuidados paliativos.', '52.603.115/4496-26', 6, 33),
(119.21, 'Consultoria em nutrição hospitalar.', '91.238.247/2342-77', 7, 44),
(91.05, 'Consultoria em nutrição hospitalar.', '44.586.713/7436-16', 6, 66),
(87.6, 'Reabilitação física domiciliar.', '81.564.863/3119-10', 6, 38),
(107.67, 'Psicoterapia para familiares.', '38.602.212/2920-89', 2, 70),
(122.54, 'Reabilitação física domiciliar.', '66.427.883/7116-11', 4, 67),
(155.1, 'Especialista em atendimentos domiciliares.', '22.124.861/7689-68', 6, 41),
(199.68, 'Faxinas especializadas.', '71.142.561/2650-49', 2, 75),
(180.8, 'Atendimento 24h para idosos.', '56.698.123/8872-15', 2, 97),
(124.32, 'Experiente em limpezas hospitalares.', '73.679.524/3095-51', 7, 37),
(185.53, 'Auxílio em atividades diárias.', '56.331.905/6947-86', 7, 34),
(145.87, 'Faxinas especializadas.', '44.139.119/4241-95', 2, 36),
(64.77, 'Atuação em UTIs.', '98.428.438/1420-44', 2, 52),
(184.48, 'Atendimento 24h para idosos.', '64.165.396/6136-53', 1, 69),
(198.7, 'Especialista em atendimentos domiciliares.', '18.491.759/9398-13', 2, 21),
(62.99, 'Psicoterapia para familiares.', '81.213.257/6011-22', 3, 48),
(97.54, 'Consultoria em nutrição hospitalar.', '23.146.814/9336-87', 2, 34),
(191.02, 'Cuidados paliativos.', '98.435.540/3565-17', 4, 94),
(133.63, 'Cuidados paliativos.', '81.277.595/4543-18', 3, 10),
(50.44, 'Consultoria em nutrição hospitalar.', '54.393.115/6001-27', 2, 59),
(179.78, 'Especialista em atendimentos domiciliares.', '61.985.634/9116-58', 3, 40),
(115.56, 'Faxinas especializadas.', '28.327.895/6339-81', 3, 35),
(132.7, 'Psicoterapia para familiares.', '92.958.871/6426-90', 4, 42),
(150.75, 'Cuidados paliativos.', '60.179.965/4913-89', 2, 70),
(105.48, 'Auxílio em atividades diárias.', '93.370.382/4569-13', 7, 8),
(71.99, 'Cuidados paliativos.', '66.683.531/2527-38', 5, 79),
(66.01, 'Consultoria em nutrição hospitalar.', '42.149.108/2868-77', 3, 21),
(122.78, 'Consultoria em nutrição hospitalar.', '28.396.456/8065-66', 3, 62),
(122.25, 'Psicoterapia para familiares.', '70.936.969/5860-93', 1, 67),
(116.86, 'Auxílio em atividades diárias.', '45.783.422/2727-93', 3, 3),
(92.42, 'Atendimento 24h para idosos.', '46.830.328/8294-42', 1, 78),
(84.1, 'Faxinas especializadas.', '50.826.831/4433-65', 7, 45),
(186.47, 'Cuidados paliativos.', '83.800.385/7779-89', 1, 15),
(137.25, 'Cuidador.', NULL,1, 100);



INSERT INTO OrdemServico_PrestadorServico (`Preco`, `HorasTrabalhadas`, `DataInicio`, `DataFim`, `StatusOS`, `PrestadorServico_id`, `OrdemServico_id`) VALUES
(303.92, 4, '2025-04-08 12:00:00', '2025-04-08 16:00:00', 'Cancelado', 5, 89),
(103.15, 2, '2025-04-08 15:00:00', '2025-04-08 17:00:00', 'Cancelado', 8, 94),
(310.86, 6, '2025-04-17 12:00:00', '2025-04-17 18:00:00', 'Concluído', 55, 7),
(984.15, 8, '2025-04-23 08:30:00', '2025-04-23 16:30:00', 'Em andamento', 86, 51),
(443.83, 7, '2025-04-12 14:00:00', '2025-04-12 21:00:00', 'Em andamento', 57, 85),
(612.03, 3, '2025-04-07 13:00:00', '2025-04-07 16:00:00', 'Concluído', 21, 15),
(617.86, 4, '2025-04-12 12:00:00', '2025-04-12 16:00:00', 'Em andamento', 23, 44),
(766.72, 3, '2025-04-12 10:00:00', '2025-04-12 13:00:00', 'Concluído', 80, 37),
(941.77, 2, '2025-04-27 11:30:00', '2025-04-27 13:30:00', 'Em andamento', 52, 10),
(833.49, 8, '2025-04-27 14:30:00', '2025-04-27 22:30:00', 'Cancelado', 63, 39),
(393.24, 4, '2025-04-16 09:00:00', '2025-04-16 13:00:00', 'Concluído', 44, 30),
(435.11, 3, '2025-04-03 12:30:00', '2025-04-03 15:30:00', 'Cancelado', 14, 100),
(525.47, 7, '2025-04-26 17:00:00', '2025-04-27 00:00:00', 'Cancelado', 71, 64),
(672.15, 3, '2025-04-11 10:30:00', '2025-04-11 13:30:00', 'Cancelado', 20, 57),
(249.3, 3, '2025-04-13 10:00:00', '2025-04-13 13:00:00', 'Concluído', 48, 1),
(780.6, 7, '2025-04-11 13:00:00', '2025-04-11 20:00:00', 'Cancelado', 92, 82),
(498.21, 3, '2025-04-23 14:30:00', '2025-04-23 17:30:00', 'Em andamento', 65, 51),
(979.84, 3, '2025-04-25 15:30:00', '2025-04-25 18:30:00', 'Em andamento', 46, 11),
(302.89, 7, '2025-04-08 17:30:00', '2025-04-09 00:30:00', 'Em andamento', 13, 70),
(317.19, 6, '2025-04-06 14:00:00', '2025-04-06 20:00:00', 'Concluído', 8, 94),
(441.68, 2, '2025-04-26 11:00:00', '2025-04-26 13:00:00', 'Concluído', 93, 82),
(198.04, 6, '2025-04-21 08:30:00', '2025-04-21 14:30:00', 'Concluído', 95, 14),
(918.56, 6, '2025-04-21 13:30:00', '2025-04-21 19:30:00', 'Concluído', 45, 19),
(287.86, 1, '2025-04-07 17:00:00', '2025-04-07 18:00:00', 'Em andamento', 91, 92),
(203.72, 6, '2025-04-09 10:00:00', '2025-04-09 16:00:00', 'Cancelado', 86, 54),
(767.66, 8, '2025-04-07 17:30:00', '2025-04-08 01:30:00', 'Cancelado', 3, 27),
(126.26, 4, '2025-04-09 14:00:00', '2025-04-09 18:00:00', 'Em andamento', 90, 10),
(320.96, 1, '2025-04-26 13:00:00', '2025-04-26 14:00:00', 'Concluído', 43, 90),
(784.13, 8, '2025-04-16 13:00:00', '2025-04-16 21:00:00', 'Em andamento', 68, 19),
(151.0, 8, '2025-04-03 18:00:00', '2025-04-04 02:00:00', 'Concluído', 37, 14),
(232.17, 2, '2025-04-28 15:30:00', '2025-04-28 17:30:00', 'Concluído', 3, 40),
(172.36, 8, '2025-04-18 09:30:00', '2025-04-18 17:30:00', 'Em andamento', 82, 47),
(758.68, 4, '2025-04-04 14:00:00', '2025-04-04 18:00:00', 'Em andamento', 66, 71),
(630.36, 3, '2025-04-07 17:00:00', '2025-04-07 20:00:00', 'Concluído', 37, 99),
(988.59, 8, '2025-04-11 17:00:00', '2025-04-12 01:00:00', 'Concluído', 76, 49),
(302.14, 8, '2025-04-10 09:30:00', '2025-04-10 17:30:00', 'Em andamento', 2, 66),
(320.13, 7, '2025-04-25 10:30:00', '2025-04-25 17:30:00', 'Concluído', 57, 51),
(759.1, 3, '2025-04-01 10:00:00', '2025-04-01 13:00:00', 'Concluído', 96, 90),
(568.0, 1, '2025-04-13 12:00:00', '2025-04-13 13:00:00', 'Em andamento', 99, 35),
(346.04, 1, '2025-04-24 18:00:00', '2025-04-24 19:00:00', 'Em andamento', 57, 44),
(753.08, 3, '2025-04-23 10:00:00', '2025-04-23 13:00:00', 'Em andamento', 15, 31),
(732.88, 8, '2025-04-13 09:30:00', '2025-04-13 17:30:00', 'Concluído', 18, 6),
(325.14, 2, '2025-04-27 09:30:00', '2025-04-27 11:30:00', 'Concluído', 24, 13),
(270.41, 8, '2025-04-04 13:30:00', '2025-04-04 21:30:00', 'Cancelado', 31, 34),
(561.49, 8, '2025-04-20 10:00:00', '2025-04-20 18:00:00', 'Cancelado', 98, 82),
(554.36, 5, '2025-04-07 13:30:00', '2025-04-07 18:30:00', 'Cancelado', 7, 50),
(606.5, 8, '2025-04-23 14:00:00', '2025-04-23 22:00:00', 'Em andamento', 84, 47),
(889.72, 1, '2025-04-19 16:00:00', '2025-04-19 17:00:00', 'Concluído', 90, 59),
(152.3, 1, '2025-04-16 12:00:00', '2025-04-16 13:00:00', 'Cancelado', 94, 44),
(362.75, 3, '2025-04-23 13:30:00', '2025-04-23 16:30:00', 'Cancelado', 55, 98),
(604.16, 5, '2025-04-04 09:30:00', '2025-04-04 14:30:00', 'Cancelado', 25, 91),
(481.53, 1, '2025-04-17 15:00:00', '2025-04-17 16:00:00', 'Cancelado', 97, 70),
(565.32, 4, '2025-04-12 14:30:00', '2025-04-12 18:30:00', 'Concluído', 100, 5),
(652.78, 5, '2025-04-24 13:30:00', '2025-04-24 18:30:00', 'Concluído', 56, 5),
(990.83, 3, '2025-04-21 10:30:00', '2025-04-21 13:30:00', 'Concluído', 81, 94),
(494.62, 8, '2025-04-16 15:30:00', '2025-04-16 23:30:00', 'Em andamento', 67, 23),
(332.06, 4, '2025-04-15 13:00:00', '2025-04-15 17:00:00', 'Concluído', 63, 9),
(122.76, 1, '2025-04-03 08:00:00', '2025-04-03 09:00:00', 'Concluído', 95, 38),
(504.39, 4, '2025-04-12 17:30:00', '2025-04-12 21:30:00', 'Cancelado', 54, 29),
(563.71, 4, '2025-04-03 18:00:00', '2025-04-03 22:00:00', 'Cancelado', 70, 13),
(646.09, 2, '2025-04-10 09:30:00', '2025-04-10 11:30:00', 'Em andamento', 33, 92),
(419.72, 1, '2025-04-22 13:30:00', '2025-04-22 14:30:00', 'Cancelado', 53, 7),
(366.76, 6, '2025-04-22 18:30:00', '2025-04-23 00:30:00', 'Em andamento', 70, 79),
(769.91, 7, '2025-04-08 14:30:00', '2025-04-08 21:30:00', 'Concluído', 39, 59),
(871.37, 8, '2025-04-21 10:00:00', '2025-04-21 18:00:00', 'Concluído', 29, 47),
(838.5, 4, '2025-04-27 10:00:00', '2025-04-27 14:00:00', 'Cancelado', 95, 59),
(162.05, 5, '2025-04-15 09:00:00', '2025-04-15 14:00:00', 'Cancelado', 22, 56),
(652.32, 4, '2025-04-20 18:00:00', '2025-04-20 22:00:00', 'Em andamento', 30, 49),
(439.49, 5, '2025-04-23 16:30:00', '2025-04-23 21:30:00', 'Concluído', 70, 37),
(545.97, 3, '2025-04-04 14:00:00', '2025-04-04 17:00:00', 'Concluído', 14, 58),
(650.67, 8, '2025-04-13 08:30:00', '2025-04-13 16:30:00', 'Em andamento', 30, 22),
(484.13, 1, '2025-04-18 18:00:00', '2025-04-18 19:00:00', 'Cancelado', 24, 100),
(270.8, 7, '2025-04-27 16:30:00', '2025-04-27 23:30:00', 'Em andamento', 91, 49),
(967.08, 4, '2025-04-11 17:00:00', '2025-04-11 21:00:00', 'Em andamento', 70, 3),
(538.48, 2, '2025-04-11 17:00:00', '2025-04-11 21:00:00', 'Em andamento', 45, 3),
(234.02, 8, '2025-04-11 17:00:00', '2025-04-11 21:00:00', 'Em andamento', 72, 3),
(136.24, 2, '2025-04-05 12:30:00', '2025-04-05 14:30:00', 'Cancelado', 2, 61),
(507.86, 5, '2025-04-14 10:30:00', '2025-04-14 15:30:00', 'Cancelado', 88, 21),
(464.93, 6, '2025-04-18 08:00:00', '2025-04-18 14:00:00', 'Cancelado', 86, 55),
(126.92, 1, '2025-04-26 18:00:00', '2025-04-26 19:00:00', 'Em andamento', 89, 52),
(288.24, 4, '2025-04-28 16:30:00', '2025-04-28 20:30:00', 'Cancelado', 96, 6),
(520.31, 3, '2025-04-07 11:00:00', '2025-04-07 14:00:00', 'Em andamento', 6, 40),
(615.84, 7, '2025-04-27 12:30:00', '2025-04-27 19:30:00', 'Concluído', 55, 6),
(975.46, 2, '2025-04-05 11:30:00', '2025-04-05 13:30:00', 'Cancelado', 68, 17),
(294.95, 2, '2025-04-24 14:00:00', '2025-04-24 16:00:00', 'Concluído', 76, 91),
(329.11, 6, '2025-04-07 17:00:00', '2025-04-07 23:00:00', 'Cancelado', 44, 2),
(893.99, 5, '2025-04-07 16:30:00', '2025-04-07 21:30:00', 'Concluído', 77, 38),
(711.22, 2, '2025-04-27 09:30:00', '2025-04-27 11:30:00', 'Concluído', 97, 65),
(101.53, 4, '2025-04-07 17:00:00', '2025-04-07 21:00:00', 'Em andamento', 26, 83),
(327.84, 8, '2025-04-06 17:00:00', '2025-04-07 01:00:00', 'Em andamento', 59, 18),
(793.65, 8, '2025-04-08 09:30:00', '2025-04-08 17:30:00', 'Em andamento', 20, 42),
(277.82, 2, '2025-04-15 17:30:00', '2025-04-15 19:30:00', 'Concluído', 85, 27),
(441.11, 6, '2025-04-23 09:00:00', '2025-04-23 15:00:00', 'Concluído', 34, 20),
(245.52, 8, '2025-04-10 14:30:00', '2025-04-10 22:30:00', 'Cancelado', 69, 48),
(154.86, 6, '2025-04-27 11:00:00', '2025-04-27 17:00:00', 'Concluído', 5, 52),
(224.06, 6, '2025-04-17 10:30:00', '2025-04-17 16:30:00', 'Concluído', 34, 25),
(785.42, 5, '2025-04-17 10:00:00', '2025-04-17 15:00:00', 'Em andamento', 48, 42),
(958.49, 5, '2025-04-08 11:30:00', '2025-04-08 16:30:00', 'Cancelado', 14, 33),
(259.7, 1, '2025-04-22 14:00:00', '2025-04-22 15:00:00', 'Cancelado', 27, 5),
(592.83, 3, '2025-04-08 09:30:00', '2025-04-08 12:30:00', 'Cancelado', 65, 26),
(755.92, 7, '2025-04-17 16:00:00', '2025-04-17 23:00:00', 'Em andamento', 56, 7),
(600.03, 8, '2025-04-13 18:30:00', '2025-04-14 02:30:00', 'Em andamento', 1, 90);



INSERT INTO Gerencia (Ativo, DataInicio, DataFim, Pessoa_id, Hotel_id) VALUES
(1, '2023-01-01 08:00:00', NULL, 1, 1),
(1, '2023-01-02 09:15:00', NULL, 2, 2),
(0, '2023-01-03 10:30:00', '2023-06-15 18:00:00', 3, 3),
(1, '2023-01-04 11:45:00', NULL, 4, 4),
(1, '2023-01-05 12:00:00', NULL, 5, 5),
(0, '2023-01-06 13:20:00', '2023-07-22 17:30:00', 6, 6),
(1, '2023-01-07 14:35:00', NULL, 7, 7),
(1, '2023-01-08 15:50:00', NULL, 8, 8),
(0, '2023-01-09 16:05:00', '2023-05-10 16:00:00', 9, 9),
(1, '2023-01-10 17:25:00', NULL, 10, 10),
(1, '2023-01-11 18:40:00', NULL, 11, 11),
(0, '2023-01-12 19:55:00', '2023-08-30 14:45:00', 12, 12),
(1, '2023-01-13 20:10:00', NULL, 13, 13),
(1, '2023-01-14 21:30:00', NULL, 14, 14),
(0, '2023-01-15 22:45:00', '2023-04-18 12:15:00', 15, 15),
(1, '2023-01-16 23:00:00', NULL, 16, 16),
(1, '2023-01-17 08:15:00', NULL, 17, 17),
(0, '2023-01-18 09:35:00', '2023-09-05 11:20:00', 18, 18),
(1, '2023-01-19 10:50:00', NULL, 19, 19),
(1, '2023-01-20 12:05:00', NULL, 20, 20),
(0, '2023-01-21 13:20:00', '2023-10-12 09:30:00', 21, 21),
(1, '2023-01-22 14:40:00', NULL, 22, 22),
(1, '2023-01-23 15:55:00', NULL, 23, 23),
(0, '2023-01-24 17:10:00', '2023-03-15 16:45:00', 24, 24),
(1, '2023-01-25 18:30:00', NULL, 25, 25),
(1, '2023-01-26 19:45:00', NULL, 26, 26),
(0, '2023-01-27 21:00:00', '2023-11-20 13:10:00', 27, 27),
(1, '2023-01-28 22:15:00', NULL, 28, 28),
(1, '2023-01-29 23:35:00', NULL, 29, 29),
(0, '2023-01-30 08:50:00', '2023-07-08 10:25:00', 30, 30),
(1, '2023-01-31 10:05:00', NULL, 31, 31),
(1, '2023-02-01 11:20:00', NULL, 32, 32),
(0, '2023-02-02 12:40:00', '2023-12-01 15:00:00', 33, 33),
(1, '2023-02-03 13:55:00', NULL, 34, 34),
(1, '2023-02-04 15:10:00', NULL, 35, 35),
(0, '2023-02-05 16:30:00', '2023-05-25 14:50:00', 36, 36),
(1, '2023-02-06 17:45:00', NULL, 37, 37),
(1, '2023-02-07 19:00:00', NULL, 38, 38),
(0, '2023-02-08 20:15:00', '2023-09-18 17:30:00', 39, 39),
(1, '2023-02-09 21:35:00', NULL, 40, 40),
(1, '2023-02-10 22:50:00', NULL, 41, 41),
(0, '2023-02-11 08:05:00', '2023-04-22 12:40:00', 42, 42),
(1, '2023-02-12 09:20:00', NULL, 43, 43),
(1, '2023-02-13 10:40:00', NULL, 44, 44),
(0, '2023-02-14 11:55:00', '2023-08-07 10:15:00', 45, 45),
(1, '2023-02-15 13:10:00', NULL, 46, 46),
(1, '2023-02-16 14:30:00', NULL, 47, 47),
(0, '2023-02-17 15:45:00', '2023-10-30 16:20:00', 48, 48),
(1, '2023-02-18 17:00:00', NULL, 49, 49),
(1, '2023-02-19 18:15:00', NULL, 50, 50),
(0, '2023-02-20 19:35:00', '2023-06-28 11:45:00', 51, 51),
(1, '2023-02-21 20:50:00', NULL, 52, 52),
(1, '2023-02-22 22:05:00', NULL, 53, 53),
(0, '2023-02-23 23:20:00', '2023-12-15 14:00:00', 54, 54),
(1, '2023-02-24 08:40:00', NULL, 55, 55),
(1, '2023-02-25 09:55:00', NULL, 56, 56),
(0, '2023-02-26 11:10:00', '2023-07-14 13:25:00', 57, 57),
(1, '2023-02-27 12:25:00', NULL, 58, 58),
(1, '2023-02-28 13:45:00', NULL, 59, 59),
(0, '2023-03-01 15:00:00', '2023-05-05 09:50:00', 60, 60),
(1, '2023-03-02 16:15:00', NULL, 61, 61),
(1, '2023-03-03 17:35:00', NULL, 62, 62),
(0, '2023-03-04 18:50:00', '2023-11-10 18:30:00', 63, 63),
(1, '2023-03-05 20:05:00', NULL, 64, 64),
(1, '2023-03-06 21:20:00', NULL, 65, 65),
(0, '2023-03-07 22:40:00', '2023-09-22 10:10:00', 66, 66),
(1, '2023-03-08 23:55:00', NULL, 67, 67),
(1, '2023-03-09 08:10:00', NULL, 68, 68),
(0, '2023-03-10 09:25:00', '2023-04-30 17:45:00', 69, 69),
(1, '2023-03-11 10:45:00', NULL, 70, 70),
(1, '2023-03-12 12:00:00', NULL, 71, 71),
(0, '2023-03-13 13:15:00', '2023-08-25 15:20:00', 72, 72),
(1, '2023-03-14 14:35:00', NULL, 73, 73),
(1, '2023-03-15 15:50:00', NULL, 74, 74),
(0, '2023-03-16 17:05:00', '2023-12-05 12:00:00', 75, 75),
(1, '2023-03-17 18:20:00', NULL, 76, 76),
(1, '2023-03-18 19:40:00', NULL, 77, 77),
(0, '2023-03-19 20:55:00', '2023-07-30 14:15:00', 78, 78),
(1, '2023-03-20 22:10:00', NULL, 79, 79),
(1, '2023-03-21 23:25:00', NULL, 80, 80),
(0, '2023-03-22 08:45:00', '2023-05-20 11:30:00', 81, 81),
(1, '2023-03-23 10:00:00', NULL, 82, 82),
(1, '2023-03-24 11:15:00', NULL, 83, 83),
(0, '2023-03-25 12:30:00', '2023-10-05 16:40:00', 84, 84),
(1, '2023-03-26 13:50:00', NULL, 85, 85),
(1, '2023-03-27 15:05:00', NULL, 86, 86),
(0, '2023-03-28 16:20:00', '2023-06-10 09:25:00', 87, 87),
(1, '2023-03-29 17:40:00', NULL, 88, 88),
(1, '2023-03-30 18:55:00', NULL, 89, 89),
(0, '2023-03-31 20:10:00', '2023-11-15 13:50:00', 90, 90),
(1, '2023-04-01 21:25:00', NULL, 91, 91),
(1, '2023-04-02 22:45:00', NULL, 92, 92),
(0, '2023-04-03 23:00:00', '2023-07-05 10:00:00', 93, 93),
(1, '2023-04-04 08:15:00', NULL, 94, 94),
(1, '2023-04-05 09:35:00', NULL, 95, 95),
(0, '2023-04-06 10:50:00', '2023-09-12 14:30:00', 96, 96),
(1, '2023-04-07 12:05:00', NULL, 97, 97),
(1, '2023-04-08 13:20:00', NULL, 98, 98),
(0, '2023-04-09 14:40:00', '2023-12-20 17:00:00', 99, 99),
(1, '2023-04-10 15:55:00', NULL, 100, 100);